id,contact_type,name,phone,whatsapp,cnic,city,budget_min,budget_max,preferred_areas,preferred_size_unit,preferred_size_value,purpose,lead_source,created_at
f4c85a9a-b8cd-40f8-8101-90627d1b2a62,buyer,Aamir Naqvi,03106851387,03459488617,,Lahore,28200000,35300000,Model Town,Sq Yd,17,rent,OLX,2025-09-12 20:59:12
d7910876-39bb-48c4-9b9f-4204c19b788c,investor,Ayesha Warraich,03202894805,03456541111,,Lahore,15800000,20900000,Model Town,Sq Ft,14,rent,Zameen,2026-08-11 21:28:37
458ea346-fad5-4c04-8f36-fe764a3254c6,buyer,Nida Dar,03032984797,03012613619,49700-5160857-1,Lahore,17700000,22800000,Wapda Town,Marla,4,buy,WhatsApp,2026-02-03 09:17:02
6d7ad5cb-0dda-4f93-b488-e6feb110ee7a,seller,Sadia Javed,03035670835,03105795956,20011-8231905-1,Lahore,,,,,,sell,Facebook,2026-06-13 15:19:10
e499d8a8-0dff-461e-b5e7-e9519af6eefe,investor,Zaman Qureshi,03005964136,03332759574,,Rawalpindi,11200000,24000000,Askari 14,Kanal,12,invest,Walk-in,2026-08-20 12:29:14
b80669e2-471b-41fe-8ffa-1f91f746ed2b,seller,Sobia Awan,03004120545,03119065107,88836-9929560-8,Faisalabad,,,,,,sell,Zameen,2026-05-16 21:43:47
869191d0-8ab6-494d-a553-86b00b6f6bee,buyer,Zeeshan Satti,03022259828,03331335672,,Islamabad,25700000,38100000,F-11,Sq Ft,10,invest,OLX,2025-08-28 18:12:19
d1dddb4a-67da-4fe6-ab9a-f423d700091e,seller,Umer Rana,03105591847,03452007751,,Rawalpindi,,,,,,sell,OLX,2025-10-26 18:35:40
c6bb3bca-d735-4134-baef-25e98e869d8e,investor,Fahad Awan,03025591431,03459352209,37354-8105575-8,Rawalpindi,19300000,21600000,DHA Rawalpindi,Kanal,10,rent,WhatsApp,2025-11-16 12:44:36
83325f88-01f5-4e1e-83c8-6bc68be57bf3,buyer,Ayesha Hussain,03458951553,03036089263,26143-1741813-5,Lahore,12500000,16300000,Gulberg,Marla,13,buy,Referral,2026-08-16 17:39:35
a435d880-0150-4465-add7-1f1983a501ad,buyer,Sundas Qureshi,03024774646,03209882650,28141-9545371-5,Lahore,6700000,13400000,Wapda Town,Sq Ft,15,invest,Zameen,2026-04-16 13:21:11
c0d58bec-f153-4bae-9cea-a8f115620772,buyer,Mehwish Malik,03035992984,03028661119,86042-4914941-7,Karachi,9700000,21900000,Bahria Town Karachi,Sq Yd,4,rent,OLX,2026-06-05 17:23:37
5c3805e8-a6d2-4785-b59e-26e41f8937a7,seller,Hira Dar,03209607532,,65454-1468960-1,Multan,,,,,,sell,Facebook,2026-01-07 08:35:07
6b0821be-9efb-4742-a61d-88145eae5382,landlord,Waqas Baig,03338555991,,,Lahore,,,,,,,Facebook,2026-06-12 11:25:11
6b3cbc15-3d94-4181-957e-52fab9b91c56,investor,Komal Baig,03458129622,03009249040,69073-4667749-1,Lahore,28000000,38100000,Valencia Town,Kanal,19,buy,Zameen,2025-11-04 09:16:45
1413836f-73ee-42b9-87e1-1f2e1b72ef0b,seller,Yasir Naqvi,03451391565,,29512-7596310-1,Lahore,,,,,,sell,WhatsApp,2026-07-26 12:28:57
421f4539-bf92-4c3d-a8be-b8fd852b5fdc,seller,Uzma Dar,03112860391,03032056047,,Rawalpindi,,,,,,sell,OLX,2026-08-19 18:17:56
8303c920-c8f8-434f-b6ba-caffb334e899,landlord,Asad Anjum,03016318827,03036626566,78711-2705306-5,Multan,,,,,,,Referral,2026-08-18 11:32:30
11a41fd8-7c7f-44e3-96ee-7aecea4cc955,buyer,Saima Warraich,03106095771,03338537310,,Rawalpindi,18100000,29900000,Askari 14,Sq Ft,5,buy,Facebook,2025-09-07 18:46:38
8ea97a9e-4cfc-4d49-9cc5-1970f2a147d6,buyer,Zara Awan,03218635453,03103576746,,Lahore,10900000,22200000,Valencia Town,Sq Ft,13,invest,Zameen,2025-09-26 11:51:55
ae46bdc7-48bc-4fa0-9c04-cdef7ded4930,seller,Hira Niazi,03012291368,03107600781,23084-4256028-5,Lahore,,,,,,sell,Referral,2026-07-21 17:13:20
f6a1799d-f309-4db9-9054-57b21258228f,tenant,Shahzad Baig,03038537047,03032768155,,Lahore,14200000,24200000,Bahria Town Lahore,Sq Yd,12,buy,OLX,2026-06-09 08:26:07
1938441c-71d4-4fc9-9a4f-63b13f449fbf,owner,Sidra Dar,03218147302,03118050029,54146-7850746-8,Lahore,,,,,,,Zameen,2026-03-25 14:26:44
6c66a194-ca64-4d88-89a7-ffbac754e020,investor,Nida Niazi,03014195226,03338753506,37401-7386858-3,Karachi,20600000,28600000,Askari 5,Marla,10,buy,Referral,2026-01-03 09:16:58
105a6da5-c2d6-4ddd-8426-e62f20d4775a,buyer,Asma Mirza,03456084907,03333170620,64850-7626987-2,Karachi,5400000,10600000,North Nazimabad,Kanal,13,invest,Zameen,2025-09-15 12:22:46
f1936de3-22a1-4df1-a5e0-10c4a0452441,tenant,Kamran Butt,03009410372,03108633372,13413-7224762-1,Karachi,26000000,31400000,Askari 5,Sq Yd,16,invest,Zameen,2026-05-20 12:25:51
060691b1-6111-498f-a804-0f893d388870,buyer,Adnan Anjum,03102252888,03025248484,40139-6505393-1,Islamabad,3900000,8600000,F-10,Kanal,7,buy,Zameen,2025-09-17 12:54:21
c261c2c3-a28c-4aee-9b2e-f6ad218a5e2b,buyer,Imran Ahmed,03201284305,,,Multan,25900000,33700000,Bosan Road,Kanal,20,invest,Zameen,2026-06-18 19:19:35
a48428a5-ccc4-47e9-a2e3-4234a5c623ee,buyer,Mahnoor Mirza,03202437786,03451744001,66779-8118250-1,Lahore,20900000,25600000,Gulberg,Kanal,8,buy,Referral,2026-01-25 21:52:28
87c86b11-a150-4216-a627-684163ae8bbc,buyer,Saima Hussain,03019664794,03014071153,49755-8216645-7,Islamabad,29600000,43500000,G-11,Kanal,19,invest,Facebook,2026-06-28 11:42:15
5c7aa15a-28a0-416d-99c1-1b13f7e7d5fc,buyer,Aamir Abbasi,03015607173,03026689262,61392-3375693-1,Lahore,4700000,13600000,Johar Town,Sq Ft,4,buy,OLX,2026-06-12 09:26:20
71289020-200d-4cc3-915a-f73540c7e58a,buyer,Rizwan Naqvi,03005409237,03032008103,88101-8329380-4,Faisalabad,29000000,36500000,Wapda City,Kanal,6,buy,Referral,2026-08-19 11:15:22
d19ef300-021a-4bf8-9f9d-21683104a782,seller,Umer Abbasi,03117625013,,52735-2511196-4,Islamabad,,,,,,sell,Facebook,2026-03-18 08:32:49
4791e4d3-1fcd-49d1-9cab-4e49b20dea1e,tenant,Kashif Javed,03118942796,03005024289,,Karachi,21400000,32800000,Askari 5,Sq Yd,11,invest,Walk-in,2026-03-30 10:32:31
0a2a1607-e183-477a-ac7c-7c59416fadc1,investor,Ali Dar,03037957221,03105089725,,Karachi,15400000,21400000,DHA Karachi,Sq Yd,7,invest,Referral,2026-02-01 21:36:10
8be92ea1-2f12-45c4-a47b-176e604b1afc,investor,Ali Dar,03457231616,03103794632,14392-6905952-6,Lahore,29600000,37500000,Wapda Town,Sq Ft,18,buy,Zameen,2026-03-28 13:27:34
6adf2d04-aef5-410d-b5ae-e2f27a39ccaa,buyer,Usman Ahmed,03021029033,03038261731,,Karachi,27400000,38200000,North Nazimabad,Marla,13,buy,Zameen,2025-10-15 08:58:46
78545269-f8f0-4595-b9ab-510fb78501e5,seller,Nadeem Javed,03216405606,03334768081,,Lahore,,,,,,sell,Zameen,2026-05-05 11:19:14
4e27d5f9-e864-41cf-9146-d46fe2b8d902,buyer,Kashif Baig,03028262661,03453497579,82951-1192151-9,Lahore,28600000,29600000,DHA Lahore,Sq Ft,7,rent,WhatsApp,2026-02-15 15:14:21
837acd3e-eca4-41dc-aa61-49eb9b5b6735,landlord,Iqra Mirza,03455207278,03103099577,,Rawalpindi,,,,,,,Zameen,2026-02-07 15:21:36
861d529d-6f60-4501-8f46-64546f49e641,seller,Haris Anjum,03037955311,03214639243,,Islamabad,,,,,,sell,Zameen,2026-02-16 16:45:05
6e886e84-ff95-4261-a741-189bd1e16623,landlord,Mehwish Javed,03012506227,,50346-8329839-7,Lahore,,,,,,,OLX,2026-03-02 17:14:38
ec6fe165-e54b-47d2-a49e-69be0a669034,seller,Mehwish Akhtar,03104797921,03103290709,76672-6447452-9,Islamabad,,,,,,sell,Zameen,2026-08-20 21:07:48
556fb5fa-6589-4adf-804d-b26dd97f4971,landlord,Zara Zaidi,03106169147,03451906714,12973-1886329-5,Lahore,,,,,,,OLX,2026-03-01 16:52:24
02f5f140-8620-4f79-8c48-e834409204a5,buyer,Tariq Awan,03004307711,03025730115,72787-4629884-3,Lahore,13400000,27800000,Gulberg,Marla,7,rent,WhatsApp,2026-08-20 12:56:18
e9390042-6cff-4a35-ad73-5803bc389994,owner,Shahzad Rana,03453570041,03014688382,,Lahore,,,,,,,OLX,2026-01-06 21:24:37
ea651a4a-d77a-46f9-898f-5c8d6207baeb,landlord,Bilal Rana,03014948373,,,Islamabad,,,,,,,Zameen,2025-09-18 11:35:06
04111099-a056-4b42-9e4f-2e9efbe30d6f,buyer,Zeeshan Akhtar,03113695857,,14370-5627253-4,Karachi,10100000,15600000,Bahria Town Karachi,Kanal,7,rent,Zameen,2026-06-07 17:26:38
0b30981c-8e74-48c6-9cdd-53022dc191de,tenant,Anum Raza,03019701626,03002211995,,Karachi,17000000,30500000,Clifton,Kanal,20,buy,WhatsApp,2026-08-18 09:42:16
e22802f8-b354-400a-84a1-a87e68f95308,tenant,Noreen Anjum,03333671527,03216891284,28745-1165673-4,Karachi,20700000,22200000,DHA Karachi,Sq Ft,10,rent,WhatsApp,2026-03-06 19:19:10
698e9ac3-4525-4d70-b2b9-f38e8b9416bc,seller,Shazia Malik,03117126480,03103064726,87604-2219739-1,Karachi,,,,,,sell,Referral,2026-04-19 16:32:25
9e0254ec-88c6-4c85-aecd-0471c879ffac,seller,Rizwan Akhtar,03203193170,03034741136,,Lahore,,,,,,sell,WhatsApp,2026-06-01 13:12:40
61af1e33-6123-4dd2-af65-9b54fba6a60d,seller,Junaid Ahmed,03016938193,03109153525,44206-8156533-2,Faisalabad,,,,,,sell,Facebook,2026-04-05 17:33:14
5a96b9ce-c983-4c71-a74a-27018c449954,landlord,Amna Ahmed,03333684075,03215320972,65066-8587468-5,Lahore,,,,,,,Facebook,2026-01-07 20:58:47
a5d0e05b-dc93-45f4-8a40-1071e2d82784,buyer,Anum Ahmed,03104197543,03108717042,25282-9760949-9,Karachi,8500000,13600000,Askari 5,Sq Ft,9,rent,OLX,2026-06-15 19:06:19
461cdee4-1217-4aba-b20b-14cdd34cdd36,landlord,Sidra Baig,03203597089,03028168620,80539-8466228-4,Karachi,,,,,,,Facebook,2025-10-17 16:47:21
e21295ed-98e6-4a82-98d2-efe6533a2141,buyer,Faisal Warraich,03104954228,03107111154,,Rawalpindi,3700000,6800000,Bahria Town Rawalpindi,Sq Yd,8,rent,Referral,2026-07-20 18:07:36
232b0bbc-2153-4df9-9173-7519c99c12e5,seller,Fahad Anjum,03456831424,03016423717,61365-3824226-5,Multan,,,,,,sell,Zameen,2026-06-04 20:51:07
56e31adb-5457-466a-8a12-40ef39695a0d,owner,Hamza Mirza,03036309719,,67437-5291465-6,Lahore,,,,,,,Zameen,2025-10-11 15:10:47
127f569c-2dec-4374-9eca-2dac025f0078,seller,Zaman Niazi,03035316153,03029657491,,Lahore,,,,,,sell,Walk-in,2026-08-14 17:52:26
35406c5d-3be7-4be9-bfb6-b9667ddaa9b6,seller,Ali Raza,03457266039,03008048307,,Multan,,,,,,sell,WhatsApp,2026-01-19 10:43:14
a7552991-0466-4b7b-b89e-8ae291e64fbd,seller,Nida Khan,03118385039,03113461597,83559-7966711-4,Islamabad,,,,,,sell,Zameen,2025-08-30 13:07:23
67d752f8-92fb-48df-9945-c47494bb6302,buyer,Salman Zaidi,03453870825,03002313293,60185-1937519-7,Rawalpindi,16500000,17700000,Chaklala Scheme 3,Marla,14,buy,OLX,2026-05-01 18:55:31
bc40f99b-57e6-4534-8bd0-486fdfcc2e1d,landlord,Hamza Mirza,03216270728,03457269247,,Rawalpindi,,,,,,,Zameen,2025-09-23 15:03:46
89c404bb-04d6-497c-a1fa-81fb236c21e0,tenant,Faisal Siddiqui,03209118742,03007136506,26384-5720205-2,Bahawalpur,13400000,24400000,Model Town Bahawalpur,Sq Ft,6,buy,OLX,2026-03-29 14:35:26
08e56ffc-4dba-4e9a-8280-db197f0e72fd,buyer,Saima Siddiqui,03102217464,03013205426,12975-3601731-3,Karachi,25700000,38600000,North Nazimabad,Sq Ft,17,invest,Facebook,2026-06-19 10:20:28
feb720de-c524-475b-9880-bc7ee8cce22e,investor,Mehwish Rana,03108291141,03004543622,52731-8927826-4,Islamabad,28100000,39500000,F-11,Marla,5,rent,WhatsApp,2026-04-28 12:23:45
9777a3ed-015c-45c6-a8a5-a3065c24dd79,buyer,Mahnoor Warraich,03453494611,03015623766,,Rawalpindi,15800000,27600000,DHA Rawalpindi,Kanal,20,invest,WhatsApp,2026-08-17 10:38:36
c4c56f70-a450-42cf-9fd1-37a90ede9739,owner,Haris Iqbal,03029876106,,98505-7205244-1,Lahore,,,,,,,WhatsApp,2026-07-02 12:02:16
5bbe548f-25e1-45f3-af39-97ae820b8c11,landlord,Nadeem Satti,03339840316,03002505904,,Islamabad,,,,,,,Zameen,2026-05-10 21:59:56
6316d753-95dc-4821-a186-95e6b088e34b,landlord,Mahnoor Warraich,03218681449,03104407626,,Lahore,,,,,,,OLX,2026-08-15 15:09:14
97edd080-5f30-496d-80a2-d5628836960c,buyer,Farah Iqbal,03333639267,03338770703,63495-9936071-4,Faisalabad,9400000,17900000,Madina Town,Sq Ft,16,invest,Facebook,2026-04-09 10:06:49
8d2a1abe-d2b4-4de2-8f8c-574a8737b139,landlord,Bushra Akhtar,03335262920,03332105629,13400-3236485-5,Karachi,,,,,,,OLX,2026-07-13 16:48:52
71651a49-3400-4c2e-9d7a-b28cab3285ea,tenant,Mahnoor Cheema,03017088717,03219010578,,Lahore,19300000,20400000,Johar Town,Kanal,6,invest,Zameen,2026-04-20 09:13:58
f6de2625-bb1c-46bb-bffa-35fac519ca3a,owner,Saad Qureshi,03111444010,03024349732,,Rawalpindi,,,,,,,Zameen,2026-04-22 17:35:50
741bee10-81c7-4b70-a8cd-00a57d114058,buyer,Noreen Sheikh,03115141182,,92363-3746037-9,Karachi,27800000,30700000,PECHS,Kanal,8,rent,Facebook,2025-08-27 21:48:21
7080e930-5c8b-46a8-980f-64e47dc9444f,buyer,Nazia Akhtar,03117981224,03205683519,71779-7146514-9,Lahore,22500000,31800000,Wapda Town,Sq Yd,20,rent,Facebook,2025-11-19 17:36:35
14753f59-1513-4101-97b2-dd5d862993ae,tenant,Rabia Chaudhry,03106077744,03333818399,,Rawalpindi,10900000,24400000,Askari 14,Sq Ft,12,rent,Referral,2026-07-09 20:14:45
0f84b6d6-2d04-48e7-9d04-2ee40a7f92ed,seller,Ayesha Satti,03207885633,,68563-7630706-6,Lahore,,,,,,sell,Zameen,2026-05-16 18:09:09
4dc68b90-abfb-4e3e-a343-19a4e020b95d,seller,Farah Malik,03101662833,03035640198,71898-6693581-4,Lahore,,,,,,sell,WhatsApp,2026-02-23 08:21:59
812c9b7a-64e9-47dc-b6d4-4a71dd2f3afd,seller,Usman Butt,03011118605,03022385989,,Rawalpindi,,,,,,sell,Facebook,2026-02-13 09:53:47
fcef8471-4438-44b5-9aa8-a5b3e8e2a087,buyer,Sidra Anjum,03455591976,03333496806,,Lahore,10700000,24400000,Valencia Town,Sq Ft,8,buy,Zameen,2026-02-28 09:12:24
2c5ef602-6cde-4b19-95d5-edff0e5caca8,investor,Warda Zaidi,03036765794,03031729867,,Peshawar,4600000,8700000,DHA Peshawar,Marla,11,buy,Referral,2025-08-23 14:56:05
21c38ede-a0b4-4b23-b908-abfafb651b79,tenant,Nazia Naqvi,03107604268,03106734840,42683-4475311-3,Karachi,5200000,13300000,Bahria Town Karachi,Sq Ft,16,buy,Facebook,2026-04-12 18:22:25
682bf729-6f69-45c2-ba0e-6709b5dfdfd6,buyer,Bilal Soomro,03002208133,03001140984,58752-6495265-8,Karachi,6200000,18400000,Bahria Town Karachi,Kanal,15,invest,WhatsApp,2025-12-21 11:35:40
125c602b-f37a-4d26-aa7a-61519c7c5455,buyer,Hamza Niazi,03031762607,,40360-9762924-1,Karachi,22100000,31500000,DHA Karachi,Kanal,9,rent,Zameen,2026-06-09 18:07:36
3ca581e9-8b93-44c6-bd31-cff51790059e,buyer,Usman Malik,03101525093,03115093692,79267-5411035-6,Islamabad,17000000,18900000,DHA Islamabad,Marla,19,buy,WhatsApp,2026-05-10 14:27:09
a3d1f46a-4200-4769-96b8-e9d4c1bd1249,buyer,Rida Chaudhry,03117748712,03102465948,,Multan,12500000,20100000,Bosan Road,Sq Yd,20,buy,OLX,2025-11-07 16:29:09
8b524916-2321-4f72-9c19-cd62312f1f05,landlord,Salman Sheikh,03333326324,03023736316,80012-6380879-6,Peshawar,,,,,,,Zameen,2026-05-30 08:49:29
288c2bd0-d418-470c-a1b9-f0dd9c23ae56,buyer,Waqas Zaidi,03103503218,03011614056,,Lahore,12300000,23200000,Model Town,Sq Ft,18,invest,OLX,2026-04-16 17:33:55
792c91ae-0f49-4c8d-8c5a-edadab0f5d5d,seller,Ahmed Niazi,03016412639,03206462640,,Karachi,,,,,,sell,WhatsApp,2026-02-05 19:58:59
1a5ad441-b99a-4b54-a317-96955e4de488,buyer,Sidra Dar,03339739140,03211584378,55109-2684117-8,Sialkot,9700000,16800000,Cantt,Kanal,16,rent,OLX,2026-05-16 21:02:34
4e7cd01a-c37e-4d6a-bf14-da1f3b6d3712,landlord,Asad Ahmed,03201450973,03028408908,80210-8231489-5,Peshawar,,,,,,,OLX,2025-11-13 09:02:44
0061b76b-520d-4a76-86f3-e63fce9a4d3d,buyer,Haris Anjum,03016191877,,71997-4128170-3,Gujranwala,29700000,43100000,Model Town Gujranwala,Marla,20,rent,WhatsApp,2026-07-05 21:44:39
340ba938-c318-4eb6-9071-7a799cc96f09,seller,Noreen Abbasi,03018223478,03022048472,67083-7089978-7,Lahore,,,,,,sell,OLX,2025-10-09 12:14:33
465cda46-f0ef-4111-82c9-1f9dff8f46de,investor,Zeeshan Warraich,03451931671,03115980596,99839-6091085-2,Peshawar,17800000,18900000,University Town,Sq Ft,3,buy,Referral,2026-08-12 19:23:34
d49c45b1-be25-480a-8100-aadb24247551,investor,Tariq Warraich,03209678074,03205731006,,Lahore,14400000,19900000,Bahria Town Lahore,Kanal,16,buy,Referral,2026-08-18 17:54:42
2b7b9213-c52f-4d22-a748-b679f7026325,buyer,Fahad Bhatti,03334913513,03012704274,,Karachi,30000000,37000000,Clifton,Marla,16,invest,Facebook,2026-01-27 16:15:05
6975695d-11d2-42d9-a2c3-259e9f2d2c02,tenant,Fatima Rana,03006739152,03334433263,,Lahore,20600000,34600000,Valencia Town,Kanal,6,rent,Facebook,2026-06-25 13:23:28
a1a08647-7b8c-4d26-9a32-93ca0edd5c07,seller,Nida Hussain,03218833120,03452085537,90105-8756585-6,Rawalpindi,,,,,,sell,Zameen,2026-08-17 15:34:06
b745f15c-85ac-447b-b046-99539e3d622f,tenant,Mehwish Cheema,03337015559,03459206138,,Karachi,15100000,28300000,Clifton,Kanal,15,buy,Zameen,2025-12-05 20:40:24
32be52e8-3ac9-4b86-90b5-fce43e311640,buyer,Mahnoor Bhatti,03331191749,03031311515,18292-4097706-8,Lahore,9400000,21900000,Valencia Town,Marla,14,buy,Zameen,2026-07-22 11:16:03
b5cfd5ec-61f8-4a79-b528-3388014c4dff,landlord,Shoaib Siddiqui,03216167553,03336549566,,Islamabad,,,,,,,Zameen,2026-08-02 11:05:25
e1e755a6-c52f-4b8f-bfab-263504f63ac6,seller,Aamir Soomro,03038151252,,16296-1421731-7,Rawalpindi,,,,,,sell,OLX,2026-03-13 13:39:49
6913c287-b0ed-4045-91e7-2f743f8edb3b,investor,Nida Farooq,03453803809,03114404362,24206-3447026-1,Karachi,8200000,20400000,Clifton,Marla,13,invest,OLX,2026-07-15 10:07:40
ef1aeb99-787f-4ca3-ad07-a7ec53164ce9,buyer,Komal Qureshi,03101802741,03338924002,21378-5171334-9,Lahore,26400000,40100000,DHA Lahore,Marla,7,buy,OLX,2026-08-19 13:47:26
d5788623-ddbb-4368-b23a-926fe13295d5,seller,Adnan Mirza,03208841199,03012782090,81366-1108294-5,Peshawar,,,,,,sell,Zameen,2026-08-20 21:45:43
279ba864-a58b-4617-b9d9-a060c512d7c2,seller,Fatima Chaudhry,03206213921,03117293147,52568-2210803-1,Rawalpindi,,,,,,sell,Walk-in,2026-03-04 11:53:23
ac84849b-309d-4bb0-8726-333ca4fe3e0b,tenant,Junaid Naqvi,03026742307,03003066011,,Islamabad,26300000,37900000,G-10,Kanal,10,invest,Zameen,2025-11-29 12:29:36
278eee33-fd01-46e8-a52d-79a989e5c5b3,buyer,Usman Abbasi,03018970879,03459589304,48140-2357519-3,Lahore,18000000,28200000,Wapda Town,Sq Yd,5,rent,Zameen,2026-01-22 17:52:36
efcf5df4-8751-443c-9b72-e41ef46360ee,buyer,Saad Anjum,03112151612,03028573851,93937-3562274-7,Lahore,10400000,22800000,Wapda Town,Sq Ft,11,rent,WhatsApp,2026-06-19 15:34:07
f8bcc74a-d09f-4524-a18b-9f025dcc3a98,buyer,Shazia Warraich,03333935975,03034148226,,Lahore,3200000,14300000,Askari 10,Kanal,15,invest,OLX,2026-06-21 15:20:14
0bb4bca9-1917-4d21-8ac4-8330c2fda971,buyer,Nida Niazi,03101613824,03033758210,55409-4658482-1,Lahore,18700000,28100000,Model Town,Marla,15,rent,Zameen,2025-10-22 19:34:30
2d24123a-4d9c-414d-94e5-7f183e7d63a0,investor,Shazia Butt,03213996712,03018292545,,Rawalpindi,11200000,17600000,Bahria Town Rawalpindi,Sq Yd,16,rent,Facebook,2026-08-08 19:50:14
4a598934-1987-4d03-94a8-b48765c60ed2,buyer,Shahzad Naqvi,03218215448,03029633056,,Lahore,3700000,9700000,Valencia Town,Kanal,9,rent,Referral,2026-07-27 16:46:45
225b4841-2c3b-4be7-a70d-301edcdafe48,buyer,Asad Abbasi,03028343249,03015150161,11074-6904517-7,Karachi,15600000,25500000,Gulshan-e-Iqbal,Sq Ft,5,invest,Zameen,2026-05-10 17:08:35
1c3a4419-1385-45f1-bf18-fb04a27ade78,seller,Nazia Butt,03333740264,03114407757,56038-2245878-2,Multan,,,,,,sell,Zameen,2026-06-17 19:57:40
d1cbe7c6-06b7-4c37-a932-c273b53f2a17,investor,Naveed Warraich,03038628254,,,Lahore,18500000,20700000,Gulberg,Kanal,10,buy,Zameen,2025-12-23 12:23:46
376fa72e-ec18-4a7d-b9a8-55df61a5fe9f,seller,Faisal Awan,03111967917,03454443573,47919-5794209-8,Lahore,,,,,,sell,OLX,2026-08-16 16:34:27
ce68036c-d504-4ea6-8a4a-bbb5d7dcd6a0,tenant,Komal Abbasi,03106281705,03021719098,26205-9988054-8,Multan,28400000,39700000,Bosan Road,Sq Ft,17,rent,Zameen,2026-08-19 11:29:34
f83cf0b6-a81b-46fe-842b-246e1e47532b,tenant,Imran Satti,03451932022,03011470884,72470-5922220-2,Lahore,13600000,26600000,Wapda Town,Sq Ft,3,invest,Zameen,2026-02-06 15:11:29
5871a994-8cd4-4fdf-a249-91c59f7464b7,buyer,Fatima Raza,03105384898,03014550221,73253-8298577-5,Islamabad,28900000,41000000,Bani Gala,Kanal,17,buy,Zameen,2026-07-21 21:59:41
0a586c68-705e-42eb-acc6-c2c07a3873da,buyer,Adnan Khan,03036011347,03219529636,53539-8144536-5,Islamabad,22600000,31900000,Bahria Town Islamabad,Sq Yd,11,invest,OLX,2026-03-08 11:29:49
b1e06f5c-4812-4f42-835b-2461c6384145,buyer,Zaman Dar,03028825035,03109211356,,Faisalabad,22600000,23700000,Madina Town,Kanal,10,invest,Zameen,2025-12-01 17:16:02
6bbb79cf-ae5d-48c4-8161-a1c784eaad96,investor,Anum Javed,03029737037,03332887690,,Islamabad,14700000,17100000,DHA Islamabad,Marla,16,buy,WhatsApp,2026-06-29 12:32:00
6dbacfa7-55a2-43a6-8e29-ec85c7072d23,seller,Yasir Butt,03333326435,03102100858,95340-5223053-5,Karachi,,,,,,sell,Zameen,2026-05-29 09:53:31
d9dcffde-64c2-4c4e-b3a4-ffc0279606a4,buyer,Fatima Gill,03009124059,,29231-5564308-2,Karachi,11100000,13200000,PECHS,Sq Yd,20,rent,WhatsApp,2026-02-28 16:24:46
32535b4f-8556-48c3-987e-45844bfea709,buyer,Fatima Mirza,03202838975,,,Lahore,15300000,21600000,Valencia Town,Sq Ft,10,rent,Facebook,2025-08-31 12:21:29
4608c0b7-052a-4f1d-bc5f-a9bab314a70f,landlord,Mehwish Zaidi,03116764743,,65284-1101068-9,Islamabad,,,,,,,Walk-in,2026-04-18 11:43:22
dcfc8c19-72fc-49ec-a34e-03463526a96f,seller,Amna Naqvi,03039177034,,,Karachi,,,,,,sell,OLX,2026-08-12 15:31:30
e87954d8-cbbf-4e45-a008-2a4b808c6e66,investor,Saad Abbasi,03037396041,03022038212,,Peshawar,13300000,21900000,Hayatabad,Marla,20,invest,OLX,2026-07-19 20:37:55
8294c8bc-c50c-4dea-a6a5-e7a69912674d,owner,Nida Cheema,03336098812,03202984465,,Lahore,,,,,,,Zameen,2026-01-01 13:17:39
19773736-26b2-4c0f-b649-8f6c41b6e1e3,buyer,Sohail Mirza,03207042337,03036776153,68301-6229092-5,Lahore,5200000,14500000,Model Town,Sq Yd,13,invest,Walk-in,2026-07-24 20:46:13
7ae7bbb5-d22b-439c-8ff6-fa2b3ed34b6c,buyer,Asad Zaidi,03456594967,03011040780,,Sialkot,8500000,21800000,Cantt,Kanal,5,invest,Zameen,2025-08-30 15:02:38
f98d9465-e7fb-4b25-ac73-745223b3e3b7,tenant,Laiba Cheema,03019989829,,99335-4717181-5,Rawalpindi,19400000,22900000,DHA Rawalpindi,Sq Ft,13,invest,Zameen,2026-07-23 14:30:19
626c73de-daf8-4709-94cb-93b7cb58dc4a,tenant,Usman Hussain,03027586066,03031724331,,Rawalpindi,3500000,15400000,Chaklala Scheme 3,Kanal,18,rent,Zameen,2026-02-21 13:59:36
35b251b0-6a13-4887-a9e9-822f5ba316cd,buyer,Ahmed Sheikh,03202206719,03454348048,37546-3442544-6,Lahore,5700000,20600000,Model Town,Sq Ft,7,buy,Facebook,2026-06-25 18:49:47
828f3b25-0eeb-4318-8960-2537ce85c38b,buyer,Komal Iqbal,03218488703,,,Karachi,16100000,26600000,North Nazimabad,Sq Yd,12,buy,OLX,2026-08-19 10:55:11
a1c27504-dabe-4959-bd9d-982e9e1dbf73,buyer,Sadia Satti,03038699026,,,Lahore,9400000,11100000,Gulberg,Kanal,16,invest,Zameen,2025-11-24 21:27:43
f4ffd7d0-4451-49d9-940f-02856c87447d,tenant,Sohail Javed,03115377545,03204595155,,Lahore,6900000,8300000,Gulberg,Sq Ft,18,rent,Zameen,2026-08-15 21:04:16
81fad49a-2d1a-42b6-b72e-9db76824d489,buyer,Komal Abbasi,03106478996,03451772235,20773-8808953-7,Lahore,13900000,28500000,Valencia Town,Marla,6,buy,OLX,2025-11-24 11:52:37
c03ba334-0aa4-4d2b-ab81-e222bdb5874e,buyer,Naveed Soomro,03027530867,03332707070,,Lahore,29500000,39900000,Gulberg,Kanal,12,invest,Zameen,2026-04-27 10:17:15
8740d1fe-0b3c-4e89-87d4-f7e393a26b0a,seller,Zeeshan Rana,03118298097,03213645538,41933-5974275-3,Gujranwala,,,,,,sell,Referral,2026-02-21 21:42:38
1594bccc-dff0-4aac-a102-885bb3d94e70,tenant,Laiba Javed,03337330457,03106745737,,Karachi,18200000,24300000,Gulshan-e-Iqbal,Sq Ft,17,buy,OLX,2026-07-23 15:02:37
4efc3423-62c4-4c32-9e6a-de4e08ab5a01,tenant,Waqas Warraich,03333366599,03117543458,28055-4569267-4,Karachi,19000000,33600000,North Nazimabad,Sq Ft,8,buy,Facebook,2026-05-07 20:10:10
b22c6948-408c-4dda-98f5-70cc1180b8c9,landlord,Anum Soomro,03102031238,03012795630,,Karachi,,,,,,,Facebook,2026-07-01 21:03:36
9b6a3569-9131-4896-9656-8ad754c2da8b,tenant,Salman Malik,03012242192,,,Islamabad,24800000,25800000,G-11,Marla,7,rent,Zameen,2026-05-31 21:11:12
a3ae3fb0-4f56-4f74-a0e0-fef7430f6f03,owner,Bilal Warraich,03037453123,03111502078,,Karachi,,,,,,,Zameen,2026-07-11 12:50:20
302298a7-2048-49db-abc5-dca387d79a7d,seller,Aamir Hussain,03014971025,03217968897,,Rawalpindi,,,,,,sell,Facebook,2026-04-22 15:32:34
84114e39-62a3-457b-9162-72ce74cfc682,owner,Amna Niazi,03015783259,,,Islamabad,,,,,,,Referral,2026-08-18 10:49:32
10c1553e-88bf-4d35-820d-6e6e9d33cf1b,tenant,Shazia Abbasi,03211591737,03212555528,,Karachi,9600000,17200000,Bahria Town Karachi,Sq Yd,4,invest,Zameen,2026-03-19 08:51:55
2276b017-2d4f-49c8-b4cb-68f9588d9498,buyer,Mahnoor Cheema,03032783156,03114885775,73337-2150365-9,Rawalpindi,5400000,19600000,Bahria Town Rawalpindi,Sq Ft,10,invest,Zameen,2026-02-08 09:14:54
0398a0c8-0f27-49a1-9362-da70e86d44b7,buyer,Bushra Gill,03017836578,03019578763,33962-2119254-6,Lahore,27100000,38200000,Gulberg,Sq Yd,16,buy,Zameen,2025-11-19 10:05:56
48af9fc8-934c-4873-bdb1-5e97e2ed9651,investor,Saima Cheema,03336493176,03018368292,75143-5593300-2,Lahore,28100000,38700000,Johar Town,Marla,17,rent,Referral,2026-06-19 15:31:27
221bd957-0c81-4c53-acee-031439cd15d9,buyer,Adnan Akhtar,03109565824,03209688774,,Islamabad,22700000,24400000,DHA Islamabad,Sq Ft,20,invest,Facebook,2025-10-06 15:06:18
9f0cb200-d1c0-4c7a-b222-9e2241bff9dd,seller,Tariq Naqvi,03001284591,03217648028,,Islamabad,,,,,,sell,WhatsApp,2025-12-21 16:10:57
c91d10ca-ca41-4e01-bc46-24ed99678162,landlord,Fatima Hussain,03014171455,03039529871,48081-2906272-9,Multan,,,,,,,Zameen,2026-07-30 17:53:11
73d1083b-3a3d-44f9-b293-e5d491d606dd,landlord,Rizwan Warraich,03219900919,03456029275,,Karachi,,,,,,,Facebook,2026-05-28 16:08:36
32d3d392-7156-43fc-90ba-ca15bd46e9eb,landlord,Hira Niazi,03205441937,03115074605,,Multan,,,,,,,Zameen,2025-10-12 12:59:27
17e98485-33b7-4a9a-8ee3-45ad7a898a02,investor,Umer Hussain,03217893967,03007216358,17610-7909838-1,Multan,6300000,12700000,Bosan Road,Sq Ft,6,buy,OLX,2026-08-19 08:20:46
ab50f7d6-ff81-4732-a4ad-e7b7f8a35830,tenant,Asad Chaudhry,03024682804,03204709495,41637-9957614-1,Faisalabad,13500000,18200000,Wapda City,Kanal,18,invest,Zameen,2025-11-12 12:48:33
1c51c884-e8ab-40a5-bba9-cb1991ee1249,landlord,Sana Farooq,03338974086,03029655900,,Karachi,,,,,,,WhatsApp,2026-06-16 14:03:27
16ac8f46-9a33-43c3-a58e-c9de2195d307,tenant,Nida Akhtar,03208806853,03035349283,78858-7878692-3,Islamabad,20200000,24600000,Bahria Town Islamabad,Kanal,16,buy,OLX,2025-10-25 08:54:39
470e4ca8-02fb-4192-b12b-098fda8b652d,landlord,Komal Iqbal,03206133282,03014449925,,Sialkot,,,,,,,OLX,2026-08-18 08:50:52
95c0b902-af50-4d58-a6b7-0b330063854c,seller,Shoaib Abbasi,03337548161,03217626178,60691-3754493-8,Islamabad,,,,,,sell,Zameen,2026-01-05 11:27:09
f2bfda22-8647-46ed-949f-1c39be45cc29,investor,Shazia Zaidi,03034889786,03022319106,32188-9764513-7,Faisalabad,24300000,33000000,Wapda City,Marla,12,buy,OLX,2026-07-06 13:12:11
9e1c6626-c68b-4f84-a981-2d5cdb68d87c,buyer,Laiba Gill,03025518217,,42576-3240944-2,Karachi,16300000,28500000,Gulshan-e-Iqbal,Sq Ft,18,invest,Zameen,2026-05-05 21:12:15
4bbf1ef3-a92f-44e3-ac00-a231791a8f86,investor,Naveed Rana,03458611147,03024738272,46168-6308050-4,Karachi,14300000,19500000,PECHS,Marla,7,rent,Walk-in,2026-06-30 12:09:54
b6b0d1a8-92cf-4684-a819-df772013b725,tenant,Ahmed Zaidi,03106358708,03205089693,40858-1669522-4,Rawalpindi,3800000,10500000,DHA Rawalpindi,Kanal,7,rent,Zameen,2026-04-27 11:43:29
e749ec04-af30-4b47-a556-90cb1b6d8dee,tenant,Farah Farooq,03011288397,03203343751,,Rawalpindi,18700000,28400000,Bahria Town Rawalpindi,Kanal,16,invest,OLX,2026-05-06 16:26:59
25950ad2-5a99-4c0c-8fb6-3e395ab312a1,tenant,Waqas Naqvi,03453530328,,90577-2472097-7,Islamabad,14600000,29100000,DHA Islamabad,Sq Yd,19,buy,OLX,2026-07-29 18:03:56
9867f5b8-9fda-413b-8665-6576b796aea1,buyer,Tahira Warraich,03117899517,03115671897,17253-2891867-5,Lahore,25100000,31700000,Johar Town,Sq Yd,19,rent,Zameen,2026-07-23 19:06:37
a0f2264a-92fc-4e90-a927-132d79dfee7a,tenant,Kamran Hussain,03455795274,03018400977,,Lahore,6400000,8000000,Bahria Town Lahore,Sq Ft,10,rent,Zameen,2026-07-29 18:45:21
628f070b-79d0-49bb-bc6e-ed1dae2adf2f,seller,Rizwan Cheema,03332972573,,,Sialkot,,,,,,sell,Zameen,2026-04-25 13:38:24
3ae19851-17a5-4090-b6ed-8fd9a0f0566d,tenant,Haris Javed,03335755704,,,Karachi,24800000,30900000,PECHS,Sq Yd,7,invest,Zameen,2025-11-29 09:26:55
88bbc08c-f828-4e40-bfa8-f1d3a6f6e858,owner,Zaman Iqbal,03106693532,03036857834,,Lahore,,,,,,,Facebook,2026-08-04 08:30:51
083cc880-78a9-4f93-b2b4-b6004f2953ea,buyer,Shazia Awan,03003162596,03004676126,32558-6065369-5,Rawalpindi,18800000,29500000,Bahria Town Rawalpindi,Sq Ft,19,buy,Zameen,2025-11-16 11:17:03
3c0c5acd-007c-49fb-9f53-d7cba4d0ae7f,investor,Rizwan Soomro,03455356067,03208330609,,Gujranwala,24100000,38200000,Model Town Gujranwala,Marla,18,rent,OLX,2025-08-23 18:07:46
8dbdc694-0010-4b37-bb10-1212b9890eb3,buyer,Adnan Awan,03032124036,03336087282,,Islamabad,29600000,36100000,F-11,Sq Ft,14,rent,WhatsApp,2026-06-30 13:03:43
f51b7bcc-07ad-48cf-8dc8-5279a080815b,landlord,Kamran Satti,03018346559,03207080653,,Rawalpindi,,,,,,,Zameen,2026-07-26 13:06:03
33211edc-30fd-46c1-ac2d-87824c55e475,tenant,Junaid Iqbal,03036355940,,,Islamabad,19700000,33300000,G-11,Kanal,13,buy,Referral,2026-01-07 14:49:32
63e86c63-f582-498c-9af2-d23adfd89b6c,buyer,Sana Bhatti,03455118877,03105534551,67916-4975740-4,Rawalpindi,8300000,21900000,Askari 14,Kanal,19,rent,Facebook,2026-08-19 16:28:00
d20b73c8-c777-4710-9f0f-e4b6b7baae9e,seller,Junaid Naqvi,03101124332,,,Islamabad,,,,,,sell,Zameen,2026-06-22 11:44:25
a716f0d5-6b5a-4dbc-8d5d-e3777856ee85,seller,Nida Khan,03451854587,03219869556,81713-2368218-2,Rawalpindi,,,,,,sell,WhatsApp,2025-09-21 17:20:07
f9463443-8abe-46ad-813c-9c08fa354158,buyer,Umer Ahmed,03012501394,03217791274,21210-6064032-3,Islamabad,20200000,22100000,F-10,Sq Ft,12,buy,OLX,2026-04-25 17:35:04
eaac82c2-7b84-4b06-af3d-62f69472fed2,investor,Anum Butt,03027497272,03108187650,,Lahore,10800000,16900000,DHA Lahore,Sq Ft,13,rent,OLX,2026-04-26 10:00:01
f842b2f3-7916-4bab-a25e-f327301c516d,landlord,Tariq Gill,03027135062,03016418319,75323-4699763-2,Lahore,,,,,,,Zameen,2026-04-08 16:16:50
9de6524a-d37e-4ad8-a420-3b7a8b1585ee,buyer,Junaid Iqbal,03015508622,03205112664,,Lahore,20700000,35500000,Johar Town,Marla,8,rent,Zameen,2026-08-06 19:21:58
1b823bbe-ca93-43fc-afbe-5405b6c90dd9,landlord,Tahira Baig,03203894219,03452044657,35596-8691215-9,Rawalpindi,,,,,,,Zameen,2026-05-30 18:59:18
11530192-3404-476c-85d3-e3c835c3cb91,seller,Farah Zaidi,03019864338,03029791350,49667-9164624-3,Lahore,,,,,,sell,Facebook,2025-12-05 14:26:54
5f04bdee-1bc5-4c3c-9e0e-811bd1ed3b62,buyer,Warda Baig,03006763738,03104806821,62671-1958875-6,Bahawalpur,4500000,7400000,Shadra Town,Sq Ft,6,buy,Zameen,2025-10-13 20:47:12
354f4545-e37e-45fd-b9bf-041757346d78,tenant,Salman Mirza,03017771777,03008588143,,Karachi,26900000,35400000,PECHS,Kanal,6,invest,Zameen,2026-08-15 19:17:24
ca74bea4-e2a1-48dc-b377-c0ae07e7bf52,landlord,Fatima Farooq,03205484703,03454990691,12184-6169634-3,Lahore,,,,,,,Zameen,2026-05-08 08:10:12
6057a1cc-d6c5-455d-ac7a-3f6ffdee2623,buyer,Uzma Raza,03118630390,,19300-4292394-4,Karachi,24600000,32400000,North Nazimabad,Sq Ft,14,invest,Zameen,2026-01-30 14:57:56
14b513a5-2b6e-4612-94f7-fe6d4215e9c5,tenant,Kashif Gill,03451288284,03027564068,,Karachi,15800000,24900000,Askari 5,Sq Yd,19,buy,Zameen,2026-05-19 13:29:55
f118b872-33f0-4252-b6a2-6b95c5068740,seller,Bilal Ahmed,03215320138,03337027566,10809-2136516-3,Islamabad,,,,,,sell,WhatsApp,2026-04-02 08:42:07
79cc88da-f5f2-45f8-9b73-579ecdcd9362,landlord,Naveed Warraich,03033794299,,,Karachi,,,,,,,OLX,2025-10-26 17:35:11
7ef53797-ea1b-43cb-8b65-691e66f38a25,buyer,Ahmed Mirza,03101237035,03207875696,32099-6383131-1,Islamabad,21200000,35900000,Bani Gala,Sq Ft,17,invest,Zameen,2026-03-10 10:07:01
2b5d6058-7f42-4882-838a-f94ccf71f01d,buyer,Usman Qureshi,03025252904,03026996169,43427-2895684-1,Lahore,18200000,21500000,Wapda Town,Sq Ft,19,rent,Facebook,2025-09-27 14:04:03
84706f3d-5eac-47d1-ab65-30cd006351cc,buyer,Farah Farooq,03026337195,03204785778,71782-9011109-2,Peshawar,23400000,31200000,DHA Peshawar,Kanal,9,buy,OLX,2025-11-03 12:43:10
84a065ff-a2f5-4bcb-b859-b640831f9c80,tenant,Asma Iqbal,03013726473,03455430293,23687-8099139-9,Faisalabad,11000000,14000000,Wapda City,Kanal,9,buy,Zameen,2025-12-30 09:05:35
4147c701-11d6-4dbb-a410-9353892e2146,investor,Nida Khan,03117986131,03013162386,65407-3796371-7,Lahore,25200000,36400000,DHA Lahore,Sq Ft,14,rent,Zameen,2026-07-29 20:00:15
94384aba-dac4-4907-9416-781a02e03b9b,buyer,Sadia Khan,03456632561,03113293121,78027-3972771-1,Karachi,18800000,23000000,PECHS,Sq Yd,13,invest,Referral,2025-10-17 14:45:52
20e32cdf-66ae-4a77-96f9-31c2c6769fdf,landlord,Shoaib Warraich,03103669401,03015257664,31996-7549800-7,Karachi,,,,,,,OLX,2026-03-25 13:02:29
859137d6-fb5f-4912-a6a4-9670bf5f7bdb,owner,Laiba Zaidi,03001314993,03453209517,39839-6882529-2,Lahore,,,,,,,Referral,2026-05-21 13:59:28
d3034b27-80f5-4fb6-8f8a-8124ca07e4ee,investor,Sobia Baig,03456001633,03036339981,18860-4622625-1,Gujranwala,6300000,8900000,Satellite Town,Sq Yd,16,rent,Zameen,2026-07-08 20:19:40
337b388f-257d-4786-b778-800c9cd72e37,tenant,Sobia Sheikh,03028089468,03214772125,,Karachi,5700000,13600000,Askari 5,Marla,5,invest,Zameen,2026-06-26 19:13:18
822f89bb-da5e-4efc-aa28-92c52c6e4911,seller,Iqra Raza,03106099162,03212182755,58533-3494363-3,Karachi,,,,,,sell,Zameen,2026-08-01 14:44:42
3f40aa29-e859-444b-9132-d52afc883c35,buyer,Rizwan Siddiqui,03219762433,03218159788,51748-9461198-9,Lahore,14300000,25300000,Model Town,Marla,18,rent,Zameen,2026-01-27 19:34:57
93697ccf-ce75-4bfd-9119-8493dd656a0f,buyer,Maryam Satti,03104966793,03456672753,26566-1570602-2,Lahore,7100000,21200000,Valencia Town,Kanal,3,rent,Zameen,2026-06-29 14:22:39
adcd02fb-6fce-4821-8743-f3bcc041c62e,buyer,Mehwish Satti,03017600215,03116513122,,Karachi,15800000,30800000,PECHS,Sq Yd,15,buy,Zameen,2026-06-25 16:18:51
d1de5571-db62-445a-9a83-3f8e1cb87e5f,tenant,Sidra Soomro,03002168148,03216412285,92361-2600351-6,Karachi,23800000,30700000,Clifton,Marla,6,rent,Walk-in,2026-01-26 10:09:08
3c3903c8-b5de-475d-8c49-910caafb9e07,buyer,Nadeem Mirza,03218737431,03006455653,15888-1983554-3,Lahore,10800000,14800000,Wapda Town,Kanal,19,invest,WhatsApp,2026-05-21 16:58:43
d8df37a8-3062-42ff-8f17-4c98ea96ff52,buyer,Umer Hussain,03021102236,03039390930,43658-3742008-7,Karachi,10000000,17700000,Askari 5,Sq Ft,6,invest,Zameen,2026-06-19 18:02:30
e9d3e8fd-73f7-4a9c-bd8e-fddb5fb0c782,tenant,Anum Chaudhry,03102538522,03101276765,43862-4730659-9,Faisalabad,23500000,35800000,Jinnah Colony,Sq Yd,6,invest,OLX,2026-04-08 21:28:16
a8bb1bcb-638e-446a-b50b-a66ef02ec0bb,seller,Zara Soomro,03023265018,03113722029,96930-4819171-3,Multan,,,,,,sell,Referral,2026-07-26 18:24:56
487236ce-c5b8-4827-a79a-4b1005819af4,owner,Shoaib Niazi,03454396543,03114326388,70237-9230912-2,Lahore,,,,,,,WhatsApp,2026-08-10 12:26:18
fc2b8342-0b5d-4aa9-9b5b-e3d1c1428121,buyer,Bushra Javed,03459344268,,60957-5255599-5,Karachi,14600000,17300000,Bahria Town Karachi,Sq Yd,3,buy,Zameen,2026-08-14 18:08:03
9d62cf60-a77f-4c76-a230-74a7f9c0e15d,investor,Mahnoor Butt,03112344824,03208047070,15855-2673544-1,Lahore,20800000,26100000,Johar Town,Sq Ft,10,invest,WhatsApp,2026-02-27 08:41:49
40f5b043-fb3b-4086-b1ba-77df962fa5a9,owner,Usman Mirza,03339525800,,,Lahore,,,,,,,Zameen,2026-06-21 19:05:50
554d7f4e-f005-40c8-b099-c4ac7af62d03,buyer,Kashif Khan,03008892924,03339001772,56196-8219756-9,Karachi,14000000,24100000,PECHS,Kanal,13,rent,WhatsApp,2026-05-02 08:05:14
e7d217ba-797a-4f5c-a862-acb1d810d054,buyer,Asad Cheema,03337386224,03009486214,42173-6476051-6,Lahore,24400000,30200000,Bahria Town Lahore,Kanal,19,rent,Zameen,2026-07-07 14:33:48
d6dde3bf-e92a-4e8b-857a-f80ce7cc7e36,buyer,Noreen Zaidi,03212338572,03021031043,54052-8937435-2,Faisalabad,26500000,41200000,Jinnah Colony,Marla,5,rent,Zameen,2026-06-27 17:12:25
786b814c-14d2-48ff-9f04-b9de76e44750,tenant,Nida Mirza,03019668233,,35275-9292136-1,Lahore,12400000,13600000,Gulberg,Kanal,17,buy,Zameen,2025-08-27 18:38:19
364c562d-fa11-4a5f-9297-5ac57edbb20b,tenant,Zara Anjum,03018704331,03452882808,42068-6315954-6,Lahore,8100000,19300000,Johar Town,Kanal,19,invest,WhatsApp,2026-08-12 08:07:44
42661c1c-c352-4e26-bedf-caf6ac4c4c4f,tenant,Kamran Raza,03104425124,03023850134,44253-7024817-8,Lahore,15000000,24400000,Gulberg,Marla,16,buy,Facebook,2026-06-11 13:16:11
cd7c00e2-637a-4a9a-b644-ca0c2b11f661,landlord,Nadeem Khan,03021109483,,,Islamabad,,,,,,,Facebook,2025-10-27 19:19:35
78e83528-916c-4cfb-94dd-01a296b14dcc,tenant,Sohail Mirza,03006512867,03207443185,28848-7404471-3,Islamabad,17100000,20500000,Bani Gala,Marla,13,rent,WhatsApp,2026-02-15 19:21:02
4b8c07ba-c774-49d3-ae8a-886522cc3369,seller,Uzma Satti,03451633244,03104185474,30258-3740647-1,Lahore,,,,,,sell,OLX,2026-03-21 09:07:44
359ebf6a-9359-4213-8ec9-2250b17caff9,investor,Sadia Soomro,03001748013,03456514142,,Multan,8300000,11700000,Bosan Road,Sq Ft,8,rent,Zameen,2025-09-09 11:30:22
91df3ff4-8bd8-4332-82b0-ef9640e0e058,landlord,Asad Soomro,03001545434,03104683113,38190-2469199-3,Karachi,,,,,,,Zameen,2026-06-29 16:14:21
6eec3061-b0fb-4ed2-b32e-e261e2a6fb1e,investor,Asad Ahmed,03214851441,03016941630,98986-7049241-5,Multan,26200000,40700000,Model Town Multan,Marla,20,invest,Zameen,2026-08-20 09:19:55
28fc110d-37b1-4053-82bb-853dc636243c,tenant,Adnan Zaidi,03011596309,03207249128,14133-8188219-7,Karachi,3400000,12300000,Bahria Town Karachi,Sq Ft,15,rent,WhatsApp,2026-05-21 09:52:02
9125386e-6d0e-4cbc-8482-9df7e5b25601,seller,Hira Zaidi,03109594707,03208528328,,Karachi,,,,,,sell,Zameen,2026-07-31 13:37:13
7f8eeb29-c676-4da8-a0e2-f3bfd5d67e45,buyer,Shazia Baig,03335410481,03006122063,,Islamabad,13000000,17300000,G-10,Sq Ft,11,rent,Zameen,2026-04-07 08:41:26
528fd0ce-8897-4466-aa62-de8342201295,seller,Haris Naqvi,03009963495,,74828-2640676-6,Lahore,,,,,,sell,OLX,2026-05-07 17:04:00
6c2c51a7-1448-419c-9d36-b12bbd4ec3ad,investor,Mehwish Baig,03117130349,03204838765,92742-4727864-4,Islamabad,13700000,27900000,F-10,Kanal,20,buy,Zameen,2025-09-23 20:24:19
a0a57f58-b0ce-4a8b-98b3-bf8fe5638d45,buyer,Tahira Siddiqui,03202095948,,71274-4737696-1,Lahore,16800000,27800000,Gulberg,Sq Yd,7,buy,Facebook,2026-02-04 19:08:38
2d0caa74-4d57-4d93-9f8d-47ca04309cd3,landlord,Yasir Qureshi,03336256394,03209294251,65031-6277247-6,Karachi,,,,,,,Referral,2026-04-10 11:35:55
1467b3ae-305c-40dd-9b7f-86c52932be3c,buyer,Iqra Mirza,03002409044,03218033975,,Islamabad,15900000,24700000,Bahria Town Islamabad,Sq Ft,16,rent,Zameen,2026-05-11 17:22:10
92955e3c-ae13-4311-862a-db1d1800b0e1,owner,Saad Warraich,03107063903,,42283-7289758-8,Lahore,,,,,,,OLX,2026-06-03 15:30:43
49265411-6cea-4d12-bdbc-a3879eb56598,tenant,Rabia Raza,03216531091,03013378210,71959-8529214-3,Islamabad,8100000,17600000,G-11,Kanal,4,buy,Zameen,2026-02-23 09:24:37
b412c290-6034-4f65-af8a-84dc8b2ccea2,seller,Salman Hussain,03008813902,03457009104,31002-9188464-9,Karachi,,,,,,sell,Referral,2026-03-19 16:37:26
f3326f67-75da-4116-b83b-82bebebe1f0d,buyer,Tahira Warraich,03458626788,03024157590,79419-7873325-7,Lahore,8600000,21100000,Askari 10,Kanal,4,buy,Zameen,2025-10-03 19:06:48
14582878-8edb-4189-9ca2-6361a77b0d3e,owner,Junaid Ahmed,03118712747,03115729535,32770-3919415-9,Rawalpindi,,,,,,,Zameen,2025-11-04 08:46:48
f9bc90cf-30ac-4df7-b15e-6351a462fbb9,buyer,Amna Soomro,03012432044,,25609-2067909-5,Lahore,24100000,36400000,Askari 10,Marla,13,invest,WhatsApp,2026-02-06 09:09:44
3c198bdc-9f25-4f77-bc2a-f1b93dc52b9c,seller,Imran Warraich,03333812226,03013287740,,Karachi,,,,,,sell,Referral,2026-04-30 12:50:01
4f5ab506-15f5-411f-8c2d-35259b87801d,buyer,Haris Malik,03119165419,,,Karachi,19200000,22300000,DHA Karachi,Marla,5,rent,Facebook,2026-08-14 20:46:21
8981c5a5-fb77-4521-ab35-74e68216cecc,tenant,Amna Cheema,03025652257,03014443781,87074-2508388-5,Karachi,9900000,12600000,Askari 5,Kanal,14,rent,Facebook,2026-04-21 20:10:05
c36b8e7c-9e61-4a64-aa10-08845bc2b26b,buyer,Yasir Raza,03337165926,03022339395,81475-8476979-7,Islamabad,22300000,26900000,Bani Gala,Marla,4,invest,Walk-in,2025-09-23 19:52:49
b5729bba-13af-4176-a20d-f4575d1d12eb,tenant,Tariq Soomro,03455488184,03011256280,31330-2079941-8,Rawalpindi,15900000,22100000,Askari 14,Sq Yd,5,invest,Zameen,2026-07-28 08:12:32
1b2859a6-b29a-47b5-82a4-fcf04c0fb581,tenant,Mahnoor Chaudhry,03103232004,03008498869,29084-3782608-3,Gujranwala,6000000,12900000,Satellite Town,Kanal,14,rent,Zameen,2026-02-11 08:32:34
2d51b66f-9773-4b2a-8da8-ba7656687af0,buyer,Mehwish Soomro,03024151819,03023373633,48216-8833667-4,Lahore,3800000,8900000,Wapda Town,Sq Yd,13,rent,WhatsApp,2026-02-14 14:04:07
15d3d932-030c-4c90-8316-1f13e5a561f9,buyer,Shazia Soomro,03019080813,03031891282,,Lahore,15900000,29700000,Askari 10,Sq Yd,18,rent,Facebook,2026-01-17 11:49:37
0c70170f-5f13-48df-9f3e-94617ae4cf9d,seller,Asma Chaudhry,03336997476,03215502698,48496-8137283-4,Lahore,,,,,,sell,Referral,2026-03-21 13:09:49
33a09ff4-b120-46f0-a856-bbf9a9509bd6,landlord,Kamran Naqvi,03214439730,03215341929,44799-9543958-5,Karachi,,,,,,,Zameen,2026-05-14 14:24:22
b3383151-1e4f-41ae-9886-bd83654a7971,investor,Naveed Awan,03009821289,03216769099,97625-9611634-1,Lahore,19000000,20000000,DHA Lahore,Marla,16,buy,Zameen,2026-08-20 21:56:24
b340ea37-a3de-4c22-abea-4171995e6348,seller,Zaman Javed,03206175847,,91184-3489307-1,Karachi,,,,,,sell,Zameen,2026-07-17 16:31:04
b342d13b-41bb-4936-806f-b6c0c2762b55,buyer,Yasir Qureshi,03457274552,03332158349,60118-2552956-1,Faisalabad,3200000,11500000,Jinnah Colony,Sq Yd,16,buy,Zameen,2026-08-20 09:14:32
784cd09e-8370-421d-a0c6-4dd3855c9370,landlord,Asma Malik,03029163605,03025048775,,Faisalabad,,,,,,,OLX,2026-07-05 16:38:30
329f8b2d-959b-446f-a27f-3cceaa944904,buyer,Farhan Khan,03119983547,,15763-2743427-7,Lahore,9000000,17300000,Gulberg,Marla,11,invest,WhatsApp,2025-11-28 11:28:41
58c4c85b-991e-4c46-8e80-ba70bb33d2a1,seller,Zaman Sheikh,03028654105,03206125723,,Karachi,,,,,,sell,Zameen,2026-01-09 19:14:11
d17eda11-4a3c-47de-8248-db0302097446,landlord,Fatima Awan,03017365597,03459759142,54859-1222130-3,Multan,,,,,,,Walk-in,2026-07-31 09:45:59
04f46972-077b-40e8-bfa8-e0d9881b4dbe,buyer,Kashif Farooq,03039402294,03006307189,20022-4136130-4,Bahawalpur,19200000,21700000,Shadra Town,Kanal,17,buy,Facebook,2026-01-09 20:00:03
ed47165e-05e1-473d-8eaa-4083f9cb1432,buyer,Sadia Soomro,03115312883,03335388455,46417-6831031-5,Bahawalpur,17700000,20000000,Shadra Town,Sq Ft,3,rent,Facebook,2026-07-27 14:23:08
d96cfa73-0a69-43c1-9e1d-34fef4c18945,owner,Mehwish Khan,03219502711,03032487024,88132-4191211-4,Karachi,,,,,,,OLX,2026-04-22 14:24:30
98c563a8-3fab-4a96-8490-a3866d41047b,tenant,Junaid Farooq,03458615315,03108525968,,Lahore,13300000,15200000,Bahria Town Lahore,Marla,10,invest,Zameen,2026-08-19 19:31:21
fa0847fc-7cf3-4a4d-ad26-a8bbfa62ff2b,landlord,Salman Rana,03206608420,03109395176,,Lahore,,,,,,,Facebook,2025-10-05 16:19:03
2841a7b9-2107-475b-8c14-2d1b9132a73a,buyer,Fatima Anjum,03019668038,03007643837,27344-1127666-5,Islamabad,12900000,18600000,G-10,Kanal,10,rent,WhatsApp,2026-04-07 10:29:47
12b94266-2a79-4bfb-9573-58e8ea789d90,landlord,Hamza Satti,03109659240,03206271030,93900-3537818-7,Karachi,,,,,,,Referral,2026-03-01 13:37:44
ef1aaebb-1bc6-4ab3-804d-190a7ddd278b,investor,Shahzad Awan,03212800419,03104585002,,Karachi,4900000,12900000,Bahria Town Karachi,Sq Yd,18,invest,Zameen,2026-08-16 15:06:09
cef8e97c-4c00-4b67-a75e-f99822d0cd20,investor,Yasir Bhatti,03335133468,03112562828,79625-5636244-3,Lahore,26500000,31500000,Gulberg,Marla,18,invest,WhatsApp,2025-11-22 16:48:52
ccbf1398-0d41-43cc-88db-0efdfb3a246b,seller,Salman Akhtar,03206785572,03009055185,83122-3137083-8,Islamabad,,,,,,sell,WhatsApp,2025-10-23 10:59:53
c6ed2311-69f7-4731-bd1f-0d577c50d591,buyer,Adnan Baig,03104457978,,91526-7776254-9,Sialkot,19400000,20500000,Cantt,Sq Ft,16,rent,OLX,2026-03-25 20:47:12
fef943fe-4c3b-438c-ac18-40b16bd9a025,landlord,Hira Warraich,03339557375,03028243407,95427-7140447-1,Karachi,,,,,,,Zameen,2026-03-20 19:46:25
f10d048b-f6ae-4d51-89b5-cbee84d54545,buyer,Kamran Farooq,03216095753,03105890565,,Lahore,12500000,19500000,Wapda Town,Kanal,8,buy,WhatsApp,2026-04-08 10:03:37
2e5f59dd-bbb7-4efa-a17a-bcba2528a18e,owner,Asma Khan,03031925904,03104363006,44540-4277515-9,Karachi,,,,,,,Zameen,2026-07-30 14:47:08
4ad07dbc-20e4-47bb-8a46-d8c78698f251,landlord,Ayesha Abbasi,03037309610,03002760555,38604-4354299-8,Lahore,,,,,,,Walk-in,2025-10-18 16:01:54
db2bdc0e-bade-440c-8562-50a933807ba1,owner,Mahnoor Soomro,03101878955,,49233-5659727-2,Multan,,,,,,,Facebook,2026-07-24 09:37:55
c863c26b-fed5-4690-baf5-d168660f704a,investor,Kamran Raza,03013941392,03455981044,,Lahore,4000000,9800000,Johar Town,Kanal,14,buy,Facebook,2025-09-08 14:12:02
f32a047f-cfaf-43f6-8e7d-b43dd3f4817b,buyer,Iqra Khan,03012202640,03001025745,60388-3665636-3,Karachi,6500000,12100000,Askari 5,Marla,13,buy,Facebook,2026-08-20 10:57:27
a013abef-5ead-4f03-a1c3-d37a1641807e,seller,Umer Abbasi,03212056870,03112696105,,Rawalpindi,,,,,,sell,Zameen,2026-05-25 20:04:05
189be607-e758-4921-8fff-73cc1fe9dc23,landlord,Shoaib Satti,03028713653,03014695973,76003-1773142-8,Lahore,,,,,,,Zameen,2026-05-08 09:06:39
38715cf6-642d-42e4-b865-c00edc236c4e,tenant,Nida Baig,03118812271,,,Islamabad,27500000,30100000,DHA Islamabad,Sq Yd,7,buy,Zameen,2026-05-05 13:30:44
ed5ee2c6-67e0-4f44-8f2e-e749e7e516e1,buyer,Waqas Farooq,03113373240,03007491522,36717-3410057-1,Lahore,4400000,12300000,Model Town,Marla,5,invest,Zameen,2026-08-16 11:55:28
91ca3f55-d3f6-46ba-b520-9bf6d9899ce9,buyer,Rabia Awan,03101155984,03214345769,,Rawalpindi,30000000,40200000,Askari 14,Sq Yd,4,rent,Facebook,2026-04-11 17:46:05
6313538d-a980-41c9-9ed5-fbc56da92cb1,buyer,Adnan Dar,03336024546,03335291597,,Lahore,7800000,21000000,DHA Lahore,Sq Yd,11,invest,OLX,2026-01-30 08:45:47
dbcee82a-2749-4529-9e4b-ac1fa4326fd9,buyer,Farah Anjum,03105340048,03212915669,67082-7552099-5,Karachi,10500000,21400000,North Nazimabad,Kanal,13,buy,OLX,2026-07-22 19:50:59
6086d0dd-1537-4c6c-b598-f1606e084022,seller,Kashif Siddiqui,03212440619,03202034872,,Faisalabad,,,,,,sell,Zameen,2026-01-27 13:51:31
0ed4ac37-779a-4f11-9e78-71918553758a,buyer,Shoaib Malik,03108990335,,86221-3976467-9,Lahore,26800000,28700000,DHA Lahore,Kanal,9,invest,Zameen,2026-08-16 11:11:08
e9026674-fa24-4577-bf56-cdfdad420c43,buyer,Mehwish Ahmed,03033532413,03452297416,59910-1777281-5,Lahore,11200000,21000000,Johar Town,Kanal,8,rent,Zameen,2026-06-12 08:10:31
4871aa2a-a929-4487-bb54-e055bb28fd4d,buyer,Komal Ahmed,03336913532,03119042750,,Rawalpindi,19700000,27500000,DHA Rawalpindi,Marla,19,buy,Zameen,2026-06-20 14:47:51
4101f492-acc2-42da-a1de-5d9ec71baeb0,buyer,Hamza Soomro,03452460157,03111789825,,Karachi,12700000,22000000,North Nazimabad,Marla,18,buy,Facebook,2026-08-19 13:48:32
d9372640-3b2d-4efd-ac37-d325d1e57875,buyer,Umer Sheikh,03202223354,03037835068,48522-7626110-2,Karachi,23700000,38200000,Gulshan-e-Iqbal,Kanal,7,rent,WhatsApp,2025-10-07 20:48:16
d8db2467-f913-4f18-987a-8f9aa23b2564,owner,Shahzad Hussain,03217267232,03218255750,96006-7891307-1,Karachi,,,,,,,Zameen,2025-09-18 09:56:59
161427bb-ec68-4070-9c3a-b21dac470558,buyer,Noreen Malik,03336730709,,,Karachi,23600000,27700000,Clifton,Marla,13,rent,Facebook,2025-11-26 10:47:43
64f50b8f-22ca-40f4-9a8c-a05cf1faca20,landlord,Asma Zaidi,03111866799,03218109916,,Lahore,,,,,,,Zameen,2026-08-03 21:28:26
ed4d77fc-53a0-4dbe-b470-2aab77a3839e,buyer,Mehwish Gill,03108195197,03011464243,,Lahore,10800000,23400000,DHA Lahore,Sq Ft,14,invest,Zameen,2025-12-04 09:41:58
88f4052b-8056-4483-85c4-72cc1f7b60e7,buyer,Noreen Anjum,03038235931,03031733101,,Karachi,4000000,13800000,PECHS,Kanal,16,buy,WhatsApp,2026-07-08 20:16:29
56ced53c-d7ec-4b0c-a5e9-940a945ee39d,seller,Nida Javed,03007690158,03209174058,,Gujranwala,,,,,,sell,Walk-in,2026-05-31 15:00:04
6784e51b-c010-4142-97ef-7cec87777bb6,tenant,Shoaib Mirza,03034631366,03212380702,77938-2434381-4,Karachi,5500000,18600000,PECHS,Sq Ft,12,invest,Zameen,2025-10-10 14:10:37
b5accdba-c908-41d7-b1f3-5bafab325d5c,buyer,Ayesha Iqbal,03452675819,03013899300,12599-3153060-2,Karachi,30000000,36900000,DHA Karachi,Marla,10,buy,OLX,2025-11-22 15:36:51
de6396d4-370c-4801-a9ba-dee3cbf59f32,buyer,Nida Khan,03016860583,03219030336,41526-6268227-5,Faisalabad,15200000,17200000,Wapda City,Marla,17,invest,Facebook,2025-12-01 14:30:15
85beef8a-2497-4c6f-9721-1772cb53c396,tenant,Saad Akhtar,03451193967,,26708-8324955-8,Rawalpindi,26400000,36400000,DHA Rawalpindi,Kanal,4,buy,Zameen,2026-01-06 21:10:26
95ea2de3-502b-4b98-a65d-851b035bc037,buyer,Laiba Iqbal,03206462811,,93237-5425357-8,Lahore,4700000,14900000,Model Town,Kanal,5,buy,OLX,2026-02-22 08:00:31
cf6d928e-ced5-4277-930e-858ef2c8281e,seller,Ali Chaudhry,03107369758,03008307816,11104-9608046-2,Karachi,,,,,,sell,Zameen,2026-05-19 17:35:09
a24306b7-5850-4809-bf40-7b9ca0c9ced9,investor,Farah Mirza,03107040455,03019158599,74712-7284147-3,Lahore,27900000,39300000,Johar Town,Sq Ft,20,invest,Zameen,2026-06-07 12:04:05
914ebcc5-fd26-4a6c-a321-9862c271a674,buyer,Rabia Niazi,03029180225,03031850849,,Karachi,22100000,27000000,North Nazimabad,Marla,8,buy,Walk-in,2026-01-15 10:16:06
5d71a136-3ad4-4610-8ba8-a0a6562b8146,buyer,Asad Iqbal,03021141245,03027175805,39815-2748514-6,Lahore,23900000,26500000,Bahria Town Lahore,Sq Ft,17,rent,Zameen,2026-08-12 20:26:56
eb0045bb-674f-4061-9da3-6b0cf374cc5d,buyer,Fahad Farooq,03333991738,03336909569,,Peshawar,23300000,24600000,DHA Peshawar,Kanal,3,rent,Referral,2026-08-20 12:31:21
5d3cbf0e-d026-4797-b868-b36fabb05c13,owner,Mehwish Niazi,03112414967,03032613631,43693-4213490-2,Lahore,,,,,,,Zameen,2025-10-24 14:08:18
23e2fbf3-190d-44a8-960a-5edcc26f5088,buyer,Rizwan Gill,03013011238,03029769783,32778-5304723-9,Rawalpindi,23200000,24700000,Chaklala Scheme 3,Sq Ft,20,buy,Facebook,2026-08-15 15:20:40
db3fa773-bada-4dd9-83a8-cfab49720142,seller,Ayesha Butt,03008444419,,15606-1506263-8,Karachi,,,,,,sell,Zameen,2026-08-15 08:12:04
0c09960c-d742-4601-aea5-1993841a7722,buyer,Umer Qureshi,03217572532,03019603034,73346-8560694-1,Rawalpindi,17300000,21800000,DHA Rawalpindi,Marla,5,invest,Zameen,2026-06-28 12:49:37
f81621a0-2d8e-438e-8828-85abed7d4038,buyer,Kamran Bhatti,03116213410,03004478407,,Rawalpindi,19500000,24200000,Askari 14,Kanal,4,rent,Zameen,2026-08-09 21:27:56
948c57e8-5a09-4977-a2d5-90713b432ea4,tenant,Shoaib Dar,03206887687,03214027446,,Karachi,13800000,28600000,Bahria Town Karachi,Marla,18,rent,Facebook,2025-10-10 15:18:47
6930d1c1-dfec-4b49-99d9-56032a1bfaa4,buyer,Sadia Soomro,03207904334,03015551959,80894-7284254-5,Lahore,10100000,21200000,Valencia Town,Sq Ft,10,rent,Referral,2025-11-22 15:18:27
259d337f-8d83-4fa6-9133-dce270ed9813,buyer,Shoaib Gill,03335266775,03219296114,40341-7920174-1,Rawalpindi,13600000,27000000,Chaklala Scheme 3,Kanal,7,rent,OLX,2025-09-10 12:01:03
6ce8ac03-d307-4152-a727-7b9ba6aebabb,investor,Junaid Ahmed,03118570832,03337381665,,Karachi,25200000,37500000,Gulshan-e-Iqbal,Kanal,6,buy,Zameen,2026-06-09 15:46:08
d199b373-e36b-4d02-ac7e-59408bd1c673,buyer,Rida Hussain,03031705560,03017465307,98773-1673812-3,Faisalabad,25100000,32500000,Madina Town,Sq Yd,13,buy,Zameen,2026-05-10 10:30:20
990b1990-f9ff-4009-a203-93920faec7b3,seller,Mahnoor Abbasi,03217451307,,15938-3878751-2,Islamabad,,,,,,sell,Zameen,2026-08-06 20:15:55
1a4f7382-33e7-4df7-8472-589a8b9386b4,seller,Hamza Anjum,03218639266,,,Karachi,,,,,,sell,OLX,2026-06-13 10:40:54
3c9d5782-9714-4d1d-91a0-4114fddad799,seller,Noreen Soomro,03116130998,03017716227,81203-5426424-2,Multan,,,,,,sell,OLX,2026-01-08 21:54:27
bee02dca-0c42-4897-8f65-71b5168b3ab1,landlord,Ali Mirza,03103375087,,88605-7212413-2,Rawalpindi,,,,,,,Zameen,2026-08-19 21:30:55
de4cf4f2-6578-4699-8a49-16cd7f84008b,buyer,Mehwish Ahmed,03012905596,03001567061,13129-9708884-5,Lahore,16500000,26100000,Askari 10,Marla,19,rent,Zameen,2026-08-03 19:30:28
9c32700f-9b27-47be-9f25-880c6007d884,seller,Ahmed Niazi,03337160708,03209539592,,Lahore,,,,,,sell,Zameen,2026-08-09 11:49:07
c367b069-0135-4daf-92c5-8dc83e792e8f,buyer,Maryam Warraich,03205134895,03019151276,,Karachi,17800000,30900000,PECHS,Marla,14,rent,Facebook,2026-07-04 14:53:34
f773287c-b77a-49ea-8086-dbb35bb0b4a3,buyer,Fahad Warraich,03458959417,03039024466,32729-8776571-4,Karachi,5500000,9700000,DHA Karachi,Sq Yd,4,buy,Facebook,2026-08-14 12:38:36
b56f37e1-054b-4512-b079-54584cddd6f7,buyer,Sohail Butt,03337148457,,17692-3000986-6,Islamabad,13300000,21200000,Bani Gala,Sq Yd,19,invest,Facebook,2026-05-17 12:23:33
9a0093d3-d4bc-4a58-a594-6e7dad79b90f,owner,Sundas Ahmed,03113251324,03206780218,,Islamabad,,,,,,,Zameen,2026-08-10 19:09:01
bc6c5d08-1c54-4260-b52d-1847cdb57cb5,buyer,Maryam Naqvi,03336465693,,40108-5505875-4,Rawalpindi,8800000,23500000,Askari 14,Sq Yd,6,invest,Zameen,2025-09-03 18:03:27
272090d8-a408-40f1-a9eb-aa2df0b38b7e,seller,Waqas Khan,03108492631,03004082840,48879-7772509-4,Karachi,,,,,,sell,WhatsApp,2026-07-11 16:25:39
61c5d0ec-328e-45bc-bfca-9937ffdb2eac,owner,Uzma Raza,03211629205,03335468392,60746-2815491-8,Karachi,,,,,,,Zameen,2026-08-19 21:16:32
d2c3d680-8811-4ef4-9e91-2a21118b3c08,seller,Shahzad Malik,03334489045,03005995794,,Karachi,,,,,,sell,Zameen,2025-11-14 09:55:53
ae854e8d-d950-43bc-bbd0-e77f17b31a27,seller,Laiba Butt,03216040973,03114944671,33921-1182490-4,Karachi,,,,,,sell,WhatsApp,2026-05-31 17:19:12
ccb42468-bb81-4a67-a4c3-462bcc259cc4,buyer,Sadia Chaudhry,03219557789,03336812111,61085-5927759-8,Karachi,15400000,20800000,Bahria Town Karachi,Kanal,15,rent,OLX,2026-01-14 15:44:24
d7ab1f4a-1eb3-452e-b73a-d5389e98355b,buyer,Kashif Ahmed,03038564248,03458149710,95297-9417630-3,Lahore,6500000,18100000,Askari 10,Sq Ft,19,rent,Walk-in,2025-10-30 20:53:59
a647480a-d6a0-42cb-85d6-ecdef9bc24cb,buyer,Farah Baig,03117552525,03034487002,51120-7269997-9,Multan,7200000,17500000,Model Town Multan,Sq Yd,19,invest,Referral,2026-08-19 10:13:55
d55080bd-1fe6-41a1-94c8-b8511533c46d,buyer,Kamran Javed,03209424334,03105510338,,Karachi,20400000,27800000,DHA Karachi,Kanal,18,rent,OLX,2025-11-22 18:24:28
a52ff2c3-f96f-4b54-975f-373121497b5d,seller,Nazia Sheikh,03038161395,03114807220,21737-7366988-1,Rawalpindi,,,,,,sell,Zameen,2026-08-20 11:31:57
bfe8bb0c-4829-45ee-a843-1dae954e610c,investor,Mehwish Cheema,03035807054,03454518925,74162-7675694-6,Islamabad,6300000,8100000,G-10,Sq Yd,4,buy,Facebook,2026-05-22 20:55:30
d906a91f-0ba4-486d-941c-a7ed3edc872e,investor,Faisal Rana,03021012453,03454607622,32249-1213139-2,Lahore,19000000,22800000,Johar Town,Marla,17,rent,OLX,2026-08-15 15:14:48
4b00604e-5f0c-4472-aedb-3e423a6af089,investor,Asma Rana,03108970806,03037380398,51579-7966307-5,Multan,22200000,24600000,Bosan Road,Sq Ft,7,buy,Facebook,2026-03-21 14:40:38
4bc7745b-d3be-40c2-bfd0-7a423ad6cf42,landlord,Shazia Raza,03103325738,03017108963,72863-4480760-3,Lahore,,,,,,,WhatsApp,2026-01-17 09:07:25
2b4af847-5007-42b1-a105-47f81deebb59,tenant,Bilal Raza,03036110215,03107458434,19982-4482323-9,Karachi,12000000,25700000,PECHS,Sq Ft,14,invest,WhatsApp,2025-10-12 20:02:48
931eaa0b-a0d3-4b88-aca8-91bb2c527743,buyer,Fahad Akhtar,03017539798,03013782613,57022-3352840-3,Karachi,24800000,34400000,Gulshan-e-Iqbal,Marla,7,buy,Zameen,2026-06-13 12:41:22
28f891fd-ec4e-4425-9c30-a16762aa8c35,buyer,Imran Khan,03014220231,03109723065,,Lahore,29100000,33800000,Gulberg,Sq Yd,6,rent,OLX,2026-03-31 12:58:14
0c9d8588-25f3-48aa-add6-bccc6d6b5f8f,buyer,Tariq Butt,03101819623,03453507667,,Islamabad,20000000,30700000,DHA Islamabad,Marla,18,buy,WhatsApp,2026-07-06 21:32:22
a6c3e161-a092-4d9d-8018-151b172780e3,tenant,Farhan Soomro,03102194420,03113653644,,Karachi,7100000,20500000,Gulshan-e-Iqbal,Sq Ft,12,rent,OLX,2026-04-30 15:36:56
a0354790-95c0-46d5-bb5e-3098fed43942,owner,Bushra Qureshi,03025878962,03114013277,21547-6057668-5,Lahore,,,,,,,Facebook,2026-08-08 09:39:33
fd76d611-3823-4c2b-8ce3-3df842235131,seller,Salman Bhatti,03456208584,03036239554,,Peshawar,,,,,,sell,WhatsApp,2026-04-09 18:02:39
a0c1d074-40b6-4ee8-b277-a97ffe19ad6c,buyer,Nida Zaidi,03107691582,03336283031,51022-4614888-7,Lahore,10600000,12600000,DHA Lahore,Sq Ft,11,buy,WhatsApp,2026-08-03 18:13:51
61dfd87c-c0aa-4597-8a79-0d20d5dadb4e,seller,Laiba Baig,03008653399,03215244880,88130-1162155-2,Karachi,,,,,,sell,Referral,2025-11-04 17:35:03
3aa04c6e-0168-419f-b8c1-f42e320d0988,tenant,Yasir Ahmed,03332412525,03017691923,35033-5658913-2,Islamabad,3900000,12500000,Bahria Town Islamabad,Kanal,14,buy,Referral,2025-12-03 18:32:36
180323af-6989-4e4e-92fe-0a18d2bc6591,tenant,Junaid Abbasi,03118785596,03453984799,27538-5913599-2,Rawalpindi,3600000,7700000,Bahria Town Rawalpindi,Kanal,8,invest,Zameen,2026-08-05 15:45:10
a8fd6805-86d7-4bfc-83f2-57b9111f705a,buyer,Nadeem Malik,03214429160,03203160229,,Lahore,19600000,31500000,Bahria Town Lahore,Sq Ft,15,invest,WhatsApp,2026-04-01 13:48:45
4aae2375-f950-4714-95d4-c2afdfcf543f,buyer,Zeeshan Siddiqui,03331141108,03039501112,,Karachi,10200000,25000000,DHA Karachi,Kanal,4,invest,Referral,2026-05-09 17:28:27
b5516334-b629-4faa-8bc9-bf44a8396723,buyer,Yasir Farooq,03013746187,03114714691,,Karachi,17000000,29400000,North Nazimabad,Kanal,20,buy,Facebook,2026-04-17 19:37:44
2315061c-240d-47bf-b07a-47dddcc115af,tenant,Ali Mirza,03106544615,03335108259,,Karachi,21400000,28500000,Bahria Town Karachi,Sq Ft,17,invest,Zameen,2026-03-17 10:11:01
11044b03-8005-4594-b927-ec8a44914b35,investor,Asma Satti,03102910779,03031409536,,Rawalpindi,8000000,11800000,Bahria Town Rawalpindi,Sq Yd,6,buy,OLX,2026-05-12 19:45:09
b33c3a76-64c3-4614-b20b-c3fc93b7ae75,buyer,Asad Gill,03017889386,03214636005,,Lahore,14900000,28000000,Bahria Town Lahore,Sq Yd,19,rent,OLX,2026-06-15 21:50:29
d7269195-2678-4639-8322-dd10068595ab,buyer,Yasir Javed,03219980613,03027215300,45948-1655245-9,Faisalabad,25100000,30100000,Jinnah Colony,Sq Yd,7,invest,Facebook,2026-07-06 19:19:46
0ec5accd-a6a9-4c18-9f6c-9053edd2c40c,buyer,Sobia Qureshi,03033346917,03336358567,76619-5690246-8,Karachi,10600000,21900000,Bahria Town Karachi,Sq Yd,16,rent,Facebook,2026-06-08 15:48:44
fa5e7a91-4384-4a3e-bb27-baddb857a8dc,investor,Shahzad Raza,03453342476,,,Lahore,8600000,16500000,Bahria Town Lahore,Kanal,8,invest,Zameen,2026-02-18 09:05:35
97a03c42-09bb-48c4-84cf-e1cd23ce58c4,landlord,Shazia Bhatti,03215365029,,,Lahore,,,,,,,Zameen,2026-04-19 13:42:44
63c19a35-78a3-452a-b91d-7c1488fcc97f,buyer,Asad Khan,03215621443,,56345-3604844-3,Karachi,8700000,18700000,Clifton,Sq Yd,18,buy,Facebook,2026-07-01 18:22:35
60f85e97-da4b-4276-b6da-1b8b697736b3,buyer,Nadeem Akhtar,03038039866,03451525367,41690-5617640-8,Islamabad,20700000,25300000,F-10,Kanal,7,invest,OLX,2026-06-16 10:28:50
c2c86e19-ea73-4a56-9465-28d5495fbc4e,buyer,Umer Khan,03039926868,,,Rawalpindi,29900000,31800000,Bahria Town Rawalpindi,Marla,11,rent,Zameen,2026-01-24 17:33:50
cb15daf1-b97e-499a-9421-c94985f074b7,seller,Anum Gill,03457706512,03013349203,55667-4820381-6,Lahore,,,,,,sell,Zameen,2026-08-18 11:17:46
d6442568-976e-495d-a05c-b552746f08c6,landlord,Yasir Awan,03453912802,03335372135,,Lahore,,,,,,,Zameen,2026-06-26 14:11:06
23e28675-ac3a-427e-99e2-5ecd7aaec00c,investor,Hamza Baig,03107174908,03034613430,85370-7868508-5,Lahore,22500000,35500000,Askari 10,Kanal,10,rent,OLX,2025-11-20 16:17:09
6837e150-a2d5-4e31-bbf7-b08043098250,tenant,Zara Javed,03037826978,03011312642,,Multan,24900000,26800000,Model Town Multan,Marla,6,rent,WhatsApp,2026-07-11 13:11:24
4ff46ba8-4f52-40a8-a57e-ec2b39b98c67,investor,Kashif Anjum,03023552524,03009141866,97325-6371108-5,Karachi,5000000,13200000,PECHS,Kanal,8,buy,Facebook,2026-08-16 20:13:43
37dbabf9-01ea-41bf-a1b2-c3cdcb3a8ee1,buyer,Imran Akhtar,03108614099,03104082096,76976-1828961-2,Karachi,22500000,26500000,North Nazimabad,Marla,16,buy,Zameen,2025-12-02 20:40:22
cb60978a-dbd0-46d8-a700-8da4b943df18,seller,Faisal Warraich,03115588057,,28733-8480747-4,Lahore,,,,,,sell,Referral,2026-01-31 09:33:37
41295402-b3d3-4046-94d9-74df65923acc,seller,Sobia Raza,03101748640,03037688854,35240-5511777-9,Faisalabad,,,,,,sell,Zameen,2026-07-22 08:56:57
c7cb5c41-e5c6-4e45-9f8e-47604883c46f,buyer,Nida Naqvi,03332016707,03017242201,,Rawalpindi,21800000,29400000,Askari 14,Sq Yd,9,rent,Referral,2026-01-05 12:10:18
c8e7589e-eb81-4ddf-9501-9e7b71e26e1b,landlord,Sobia Iqbal,03119635549,03117075268,95978-6924188-5,Lahore,,,,,,,Zameen,2026-06-22 15:50:48
d74f7e79-149e-4025-8dd6-0e75bf871556,buyer,Sana Awan,03039986449,03002214580,96117-6807166-3,Rawalpindi,3800000,18200000,DHA Rawalpindi,Sq Ft,12,buy,WhatsApp,2026-01-12 09:46:49
901f978a-0fbe-4953-9ad9-12264c115953,seller,Kamran Soomro,03115225480,03457450810,,Lahore,,,,,,sell,Facebook,2026-07-08 11:19:17
5ce80b2f-a463-4974-a516-ccb79a7e2053,buyer,Kamran Farooq,03215268300,03455110597,,Lahore,28000000,38000000,Valencia Town,Sq Yd,4,invest,OLX,2025-12-30 14:49:20
96c4159c-6885-4a34-9436-803a50c0bd6e,tenant,Saad Soomro,03026320139,03203977364,75050-5900627-8,Rawalpindi,5600000,7600000,Chaklala Scheme 3,Sq Ft,7,invest,Zameen,2026-06-06 18:49:53
dcc18b6e-63c7-432a-927e-24760d2250f1,buyer,Shahzad Siddiqui,03011880767,03202063905,12214-8288744-2,Karachi,27100000,29700000,North Nazimabad,Kanal,8,buy,OLX,2026-08-02 17:32:56
b796345d-0ef1-4531-9fe7-ac05b2460433,landlord,Hamza Akhtar,03459855312,03012663011,22595-8614438-8,Quetta,,,,,,,WhatsApp,2026-04-24 16:26:49
fa13340f-da52-4ad4-bab0-f1f195660757,tenant,Tariq Malik,03334354177,03203807371,,Lahore,4300000,17900000,Wapda Town,Kanal,16,rent,Facebook,2026-03-23 18:36:41
4494b4a2-6c37-457a-946a-00b4353b451a,investor,Faisal Khan,03001706930,03029302537,26912-9112906-7,Bahawalpur,4900000,15600000,Model Town Bahawalpur,Marla,6,invest,Walk-in,2025-10-26 19:57:21
b7da85d9-1d2b-473f-9fff-eb4b6b8634d9,tenant,Zaman Abbasi,03202773073,03208499150,95808-7270703-5,Rawalpindi,12700000,21200000,Askari 14,Sq Ft,14,buy,Zameen,2025-11-22 11:11:24
faf481cd-a791-428a-8013-92cddedd3818,seller,Sadia Baig,03202522918,03019332306,,Lahore,,,,,,sell,Facebook,2026-07-21 10:33:19
44b215d0-5810-4ae2-8610-91bfb90534ae,investor,Iqra Baig,03118987882,03015937908,,Faisalabad,25200000,31200000,Wapda City,Kanal,3,invest,WhatsApp,2025-11-20 18:04:42
12c1e3fd-c49a-46c4-bd4e-7ce9537fca0e,investor,Junaid Satti,03116516354,03111668316,75820-7751888-4,Gujranwala,28300000,35500000,Model Town Gujranwala,Kanal,17,rent,Zameen,2025-09-27 16:41:42
ad99fe23-6999-4c17-9a3f-0d7f9354f9e2,seller,Fahad Iqbal,03212128252,03213821696,90030-1242844-4,Lahore,,,,,,sell,WhatsApp,2026-05-08 15:56:27
26e4dc04-5ae7-48f0-b0f0-098519263236,buyer,Mahnoor Butt,03208026010,03218126357,44447-9858653-9,Multan,9100000,13000000,Gulgasht Colony,Sq Yd,20,rent,Zameen,2026-01-09 16:06:19
11304355-1026-46e6-9e18-64d598218fa5,seller,Usman Bhatti,03019947305,03027958917,54848-9812838-5,Karachi,,,,,,sell,Referral,2026-07-23 12:20:11
fcd4e67b-1b08-4f0f-a993-4874b9479223,buyer,Amna Hussain,03202960425,,60216-5560645-7,Lahore,22600000,24800000,Gulberg,Kanal,11,rent,Zameen,2026-02-24 12:25:57
ccf38825-c2d6-446d-83f9-e76c51dc743b,buyer,Kashif Hussain,03018064075,03037176572,48831-9318493-4,Lahore,24300000,35600000,Gulberg,Sq Ft,20,rent,Walk-in,2025-08-29 17:07:28
1393e858-4994-49ab-af67-fe6c45980bdc,landlord,Laiba Satti,03118361467,03332414199,48678-8596881-1,Islamabad,,,,,,,Zameen,2026-07-24 15:12:20
11dd43aa-022b-4605-a108-6d79355ba31a,tenant,Bilal Sheikh,03022713715,,58697-6687328-5,Lahore,19200000,31700000,Askari 10,Marla,20,buy,OLX,2025-11-01 15:37:11
1049d32f-1e35-4a4a-adad-510f789cad9e,buyer,Asad Rana,03217706799,03026830931,63657-5827751-1,Lahore,23400000,36900000,Wapda Town,Sq Yd,4,invest,Zameen,2026-04-22 17:30:58
f6a21a7e-c73a-4893-b494-31e56877f052,buyer,Adnan Farooq,03001164223,03015948331,,Lahore,28800000,43500000,Model Town,Sq Ft,13,invest,Zameen,2026-06-23 10:03:00
509b3aab-65d5-419c-9e87-2c1c22cf8494,buyer,Naveed Mirza,03455404748,03107231746,,Lahore,19700000,29600000,Valencia Town,Kanal,5,invest,Zameen,2026-08-11 13:03:32
ad57074c-7095-48dd-a090-3d01a828903f,owner,Zeeshan Raza,03101610227,03009849563,37135-3389671-8,Karachi,,,,,,,Referral,2026-06-19 17:36:43
c6e91bba-bd6a-4ea4-8050-77ae068d7167,landlord,Faisal Farooq,03117723273,03001295113,75996-8429512-7,Lahore,,,,,,,Facebook,2026-08-20 15:57:55
beeb08cf-1526-4d18-bd80-8515e94b9227,buyer,Rida Soomro,03208880974,03333469648,99689-1437311-2,Lahore,17400000,30800000,Valencia Town,Marla,7,rent,Facebook,2026-05-04 16:46:17
901982cf-46e0-4057-b680-b0684014b61c,tenant,Zeeshan Gill,03005655844,03003999258,,Faisalabad,27200000,34300000,Madina Town,Sq Ft,13,buy,Zameen,2026-07-23 10:11:17
b7ebc981-5acc-48da-9d65-b6fd1d1b9a66,buyer,Sobia Javed,03008583274,,,Lahore,16900000,31700000,Model Town,Kanal,19,invest,Zameen,2025-10-22 15:34:12
1bc99669-44d5-4040-a085-56028a71ba43,buyer,Usman Rana,03026757642,03214412643,62775-9859961-6,Karachi,8500000,12400000,Bahria Town Karachi,Marla,14,rent,Referral,2026-05-15 09:54:43
2db7257a-a2f2-46a8-b35c-2b3309a9d9d3,buyer,Aamir Hussain,03211139535,03018056847,21127-1881625-9,Peshawar,17600000,19500000,DHA Peshawar,Sq Ft,8,invest,Zameen,2025-09-14 10:44:01
3d2b507b-70a0-4dec-873c-7cd8984ab3d4,tenant,Ahmed Soomro,03028505751,03455800022,,Lahore,13100000,19600000,Bahria Town Lahore,Sq Yd,8,invest,WhatsApp,2026-02-13 09:17:05
8a4d071a-8b9a-4ba5-a4c4-961dc772c202,buyer,Zara Javed,03115711924,03454033106,,Lahore,22600000,34400000,Model Town,Marla,9,rent,Zameen,2026-08-03 09:40:32
e8e9ebd7-2299-4204-aef6-4cf693d5d2d0,buyer,Zara Bhatti,03457874489,03015187611,10959-7498640-2,Islamabad,6100000,15400000,G-11,Sq Yd,15,buy,OLX,2026-03-17 19:37:22
dbb228e2-e471-4ea6-8e2e-4e817f5ff6e9,buyer,Hamza Warraich,03015055700,03037024407,61310-5900606-2,Lahore,12300000,26800000,Wapda Town,Kanal,14,rent,Zameen,2026-08-18 19:41:48
0d49dba9-6eda-49c6-ba9c-003bebea1c90,tenant,Shoaib Satti,03002927382,03017046866,,Lahore,25400000,32400000,DHA Lahore,Sq Yd,10,rent,Zameen,2026-04-13 12:09:11
6bcdff5a-5b3d-4e89-abe7-f80236de4278,seller,Imran Satti,03216402046,03114946488,60893-3566293-3,Faisalabad,,,,,,sell,OLX,2025-11-13 09:40:59
490f96fc-4587-4e6d-89e5-4978ac2677fb,investor,Sundas Hussain,03334620381,,,Lahore,21100000,29400000,Johar Town,Kanal,5,rent,Zameen,2026-04-03 19:05:22
8b5a67be-d4cd-4a99-b605-8e545fe86c5f,tenant,Sohail Qureshi,03115673926,03211543262,98202-5255614-9,Islamabad,17400000,25900000,G-11,Kanal,20,rent,Zameen,2026-08-14 08:09:57
b64f4d69-0b8f-43e1-992a-4b8f179498b2,investor,Waqas Anjum,03006770936,03029328882,51170-6031261-3,Peshawar,24200000,27900000,DHA Peshawar,Sq Yd,8,rent,Zameen,2025-08-22 13:15:46
3a256a28-5bf8-4c03-8e76-799ab029d610,investor,Anum Cheema,03452052417,03104868700,,Karachi,28200000,37500000,Bahria Town Karachi,Sq Ft,8,rent,Zameen,2026-04-16 14:00:26
ee5526dc-8a9c-450f-aae4-519d9103199f,buyer,Asad Chaudhry,03016981070,,,Karachi,27400000,37100000,Bahria Town Karachi,Sq Ft,18,buy,Referral,2026-08-15 09:52:52
f154c483-bd60-4adc-966b-76379739aa9d,buyer,Bushra Awan,03105413076,03014569957,,Islamabad,27800000,40600000,DHA Islamabad,Sq Yd,16,rent,Zameen,2025-12-23 21:16:12
927bdf90-4e44-4839-a4be-d92050032a23,owner,Rizwan Dar,03104889067,03108938162,56040-1602219-3,Karachi,,,,,,,Zameen,2025-10-12 14:54:05
16366eda-2c9b-4f78-a590-cc461ab5f2c0,buyer,Saad Javed,03214518973,03023180508,13688-1479591-2,Rawalpindi,18400000,19900000,Askari 14,Kanal,15,invest,Facebook,2026-03-20 18:14:00
f3efcba3-a2ab-4b64-8b8c-16a339709580,buyer,Farhan Anjum,03117953358,03032854770,79519-7243892-4,Lahore,15600000,21500000,Johar Town,Marla,11,invest,Zameen,2025-11-14 17:22:41
c77c7119-22da-49be-b46d-306de3c04ad6,buyer,Bushra Awan,03205340890,03105979307,57626-4456119-2,Karachi,17500000,29100000,Askari 5,Marla,14,invest,Zameen,2025-08-22 08:51:46
a63e1917-8a04-4de2-b657-51f9b2cb4167,seller,Zara Iqbal,03216750670,03022774447,27954-2060570-2,Karachi,,,,,,sell,Zameen,2026-08-07 13:28:46
1608d2c6-9df1-4e0a-867e-956201db9682,seller,Bilal Baig,03037461006,03332752232,,Karachi,,,,,,sell,Referral,2026-08-20 11:32:34
ea72abd5-76d3-4288-a628-16203be1af2c,landlord,Tahira Hussain,03337427901,03218807189,84620-9809100-3,Rawalpindi,,,,,,,OLX,2026-07-03 12:00:38
1a7dc1fd-920a-48f3-a866-ea52d5b16ad8,seller,Maryam Malik,03219170336,03112140485,12865-4158780-6,Lahore,,,,,,sell,OLX,2026-02-19 14:37:07
07751341-91ae-44b3-b35f-0d0023500b63,buyer,Sadia Naqvi,03103751694,03333717430,,Karachi,11000000,14700000,North Nazimabad,Sq Yd,3,rent,Facebook,2025-11-30 15:35:15
262303c2-7d49-4254-9244-e3e159288fea,seller,Rizwan Butt,03036286249,03336340168,65641-7106382-3,Karachi,,,,,,sell,OLX,2026-05-30 14:41:49
d096769b-5a1f-4ea5-a86a-9f20915858dd,buyer,Farhan Farooq,03212369592,03207208640,,Peshawar,8000000,10600000,DHA Peshawar,Marla,12,invest,Walk-in,2026-05-16 08:36:09
4676cf94-1ee4-4898-a698-feeff34a5296,seller,Komal Iqbal,03216686372,03029915926,,Rawalpindi,,,,,,sell,WhatsApp,2026-02-22 19:07:48
6ebcf8c5-eda4-4828-bb3e-64a572c8d3aa,tenant,Mehwish Chaudhry,03037203574,,50508-5609493-4,Islamabad,10700000,15800000,G-10,Sq Ft,13,buy,Zameen,2026-08-20 17:10:17
e6be276d-a0f0-404d-8222-4da161b33d13,investor,Saima Qureshi,03039037379,03458045288,27669-5491569-1,Lahore,22500000,34100000,Johar Town,Marla,4,invest,WhatsApp,2026-06-25 08:05:04
5a46bbdc-cfff-4344-b135-90b5706d7276,buyer,Fatima Mirza,03027439140,03013695713,82846-9344512-9,Lahore,12200000,15100000,Bahria Town Lahore,Sq Ft,13,invest,Referral,2025-09-04 18:21:48
12409a7a-c16f-4e9b-ab77-b2dc43cb71ec,buyer,Sohail Dar,03036501219,03008934833,44274-9678636-6,Lahore,16900000,31500000,Bahria Town Lahore,Kanal,20,invest,OLX,2026-06-25 17:13:07
c616a921-2d31-4f72-add4-0dbcdd3230e5,owner,Rabia Raza,03337411826,03219551208,,Lahore,,,,,,,OLX,2026-02-12 18:00:42
cad32d5e-4944-4cce-a961-cf98fff65548,buyer,Usman Hussain,03036282026,03113105888,30719-9649217-1,Lahore,22000000,24500000,Wapda Town,Sq Yd,6,buy,OLX,2026-07-16 18:01:37
8d26bf28-fd52-4e9e-98e0-568a9ab9ce21,investor,Sana Mirza,03217161640,03011927009,,Sialkot,8300000,16800000,Model Town Sialkot,Kanal,13,rent,Zameen,2025-11-16 11:31:29
f1a02003-1541-4fb4-a14a-e581c2d91726,investor,Saad Javed,03108380718,03032988928,83303-9358936-1,Rawalpindi,23300000,29100000,Askari 14,Kanal,5,invest,Zameen,2025-09-25 10:12:43
517e4081-7776-4afa-8a64-3bfd84325dc6,landlord,Rida Satti,03206282812,03005646754,,Karachi,,,,,,,WhatsApp,2026-03-24 21:59:40
c79b62db-20eb-4f43-9762-65e4a62aea53,landlord,Nadeem Awan,03213044466,03038249874,93311-4094405-1,Rawalpindi,,,,,,,WhatsApp,2026-05-25 08:44:01
925ae9b5-96a4-48b2-97ee-d7c69a2a2e8d,seller,Sana Zaidi,03334458757,,53907-8456778-1,Peshawar,,,,,,sell,WhatsApp,2026-08-20 18:37:51
19481176-2af2-4af9-b627-945493b70149,seller,Rizwan Cheema,03032877112,03016103071,88971-4802601-3,Lahore,,,,,,sell,Zameen,2026-05-19 15:24:55
748e6b83-f0dd-400e-ac4c-f85ea0e194d5,buyer,Asad Raza,03336932693,03451646514,,Lahore,19300000,21700000,Askari 10,Marla,6,invest,Facebook,2026-07-11 15:25:32
4386bdb4-8872-434b-b2df-36b8a44b15d5,landlord,Ali Warraich,03209466074,03019272011,10350-6641343-5,Islamabad,,,,,,,Zameen,2026-05-19 21:09:21
6cfb0603-6dfc-4dec-915e-82a3ec357dd0,buyer,Tahira Anjum,03014241867,03205091672,,Rawalpindi,29200000,34800000,DHA Rawalpindi,Kanal,5,buy,Zameen,2025-12-16 18:25:00
76692ef8-534d-40db-b7e8-5021ffd68128,buyer,Rizwan Khan,03027312328,03213182654,,Lahore,7300000,20300000,Valencia Town,Kanal,15,buy,Facebook,2026-02-10 08:11:03
b6d1e411-0697-49b1-b72b-2e7d8c198d47,landlord,Rabia Chaudhry,03029425660,03005835332,25291-1646146-1,Karachi,,,,,,,Zameen,2025-11-03 11:14:23
f5a718a0-a4e9-4035-b35b-4c33091e4cf5,buyer,Salman Butt,03015240155,03003596330,61262-2092103-6,Lahore,5100000,12400000,DHA Lahore,Sq Yd,20,buy,Zameen,2025-08-25 10:30:34
6a1d0eed-4c36-4abf-b6da-2e30d0ff39c4,tenant,Zeeshan Anjum,03209456521,03032663475,75555-6559838-8,Lahore,16000000,24900000,Gulberg,Kanal,18,rent,Zameen,2026-05-02 11:56:23
0ea249c9-afc7-4568-b784-6b1b001976ef,tenant,Farhan Siddiqui,03017012287,03021287185,,Lahore,3200000,13000000,Gulberg,Sq Yd,6,invest,Zameen,2026-06-07 18:19:21
6fdb47ce-96db-4aa6-b385-e3013d7323e3,seller,Imran Butt,03207005735,03115826787,46487-1243130-3,Lahore,,,,,,sell,Zameen,2025-08-23 21:46:47
6ebeec46-43f4-4c09-bfc4-1a6be7a268f5,buyer,Adnan Sheikh,03208911386,03105317967,72377-4445566-8,Lahore,9100000,11300000,Gulberg,Marla,11,rent,Facebook,2026-06-04 16:02:53
37f0d676-4648-42fc-91c6-f000d9b75cb9,investor,Imran Cheema,03039168581,03218414740,31048-9212403-8,Lahore,5600000,12900000,Bahria Town Lahore,Kanal,9,rent,Zameen,2025-11-24 20:16:40
3de4ac7a-ff6a-495a-9f3b-c896d6306ca7,seller,Rabia Baig,03029446567,03027872096,43109-2602728-8,Karachi,,,,,,sell,OLX,2025-12-13 16:50:13
ac029581-0a02-40a5-9460-69ec6448d09b,seller,Farhan Javed,03007004465,03039276172,,Lahore,,,,,,sell,WhatsApp,2026-04-25 15:04:23
49a0186d-ea11-4e14-8985-57fba6452cb0,investor,Rida Ahmed,03216656937,03027568652,,Lahore,8900000,21300000,Askari 10,Kanal,12,rent,Zameen,2025-11-18 15:35:43
98e68224-615e-4b31-a7e3-527074e054fb,owner,Sidra Sheikh,03452191421,03022263529,44233-1483855-8,Quetta,,,,,,,Zameen,2026-01-17 18:17:22
41364b46-6af5-42c3-89aa-d1d88875ff11,investor,Ali Bhatti,03213528761,03009402898,34903-5152418-2,Lahore,10200000,25000000,Gulberg,Kanal,4,buy,OLX,2026-06-17 09:11:41
31881b8d-422b-4a69-9465-bddb9990a4e7,buyer,Fatima Zaidi,03111440497,03028450494,,Rawalpindi,13600000,18600000,Bahria Town Rawalpindi,Marla,20,invest,Zameen,2026-04-02 15:40:15
afcd6556-164c-44e9-a11f-cb86f85cd2f9,buyer,Aamir Soomro,03032922247,03332624047,20280-6160787-5,Lahore,15100000,29300000,Model Town,Marla,8,invest,Referral,2026-08-20 13:16:58
891cd4a2-a721-41c1-b1d6-d77b8e8bc850,buyer,Bilal Cheema,03012062629,03031528424,,Lahore,8800000,22100000,Model Town,Sq Ft,17,invest,Zameen,2026-08-02 11:31:07
26ea94be-08b1-4ca1-afe6-12a0b022bfae,landlord,Aamir Farooq,03216901015,03212695299,,Karachi,,,,,,,Facebook,2026-08-03 18:17:31
c3be1ecc-3fa2-4329-968a-a420a7330346,buyer,Laiba Mirza,03456615685,03008797944,77900-4863137-1,Lahore,5100000,12700000,Valencia Town,Marla,3,buy,Zameen,2026-03-07 13:02:43
88eaf5d3-f836-4da9-b325-ac52746f4d85,buyer,Aamir Abbasi,03035897302,03458904500,51808-9915035-3,Karachi,27800000,33900000,Gulshan-e-Iqbal,Sq Yd,20,buy,Zameen,2025-11-24 11:42:50
06b535a9-56a2-41b8-974f-578813a3f605,buyer,Faisal Niazi,03037791442,03032173477,33989-8367865-3,Lahore,21600000,32300000,Wapda Town,Sq Yd,8,buy,WhatsApp,2026-06-11 16:56:07
f01b2504-ceae-4568-8929-68ac5df94ffb,seller,Farah Butt,03334886133,03016873530,,Faisalabad,,,,,,sell,OLX,2026-08-12 16:45:11
77b5b878-9d40-42f6-a3cb-31ce97a20ed4,seller,Saima Chaudhry,03035786097,03201129950,,Karachi,,,,,,sell,Referral,2026-07-22 20:05:03
2f287626-dded-49db-986e-a94f1a96558c,tenant,Naveed Mirza,03333260627,03109242433,,Lahore,3500000,9700000,DHA Lahore,Sq Ft,9,buy,WhatsApp,2025-12-12 13:18:32
2d9322e4-0012-4f38-aebd-02a094daf85f,seller,Sohail Siddiqui,03015298761,03337615858,30109-7218119-5,Multan,,,,,,sell,Referral,2025-11-11 21:08:44
d808be6b-59ff-4906-8e15-15346f78a6b8,tenant,Saima Naqvi,03029074473,03209475727,,Rawalpindi,25700000,30600000,Chaklala Scheme 3,Sq Ft,12,invest,Zameen,2026-08-14 19:00:39
751d231e-1740-4e10-b255-8f1c89232fe8,seller,Iqra Farooq,03036448590,,,Faisalabad,,,,,,sell,OLX,2025-10-02 15:00:28
e9350b66-f4f1-445c-a351-423f3a8e21ba,landlord,Fatima Soomro,03015509147,03119308743,49042-8125779-5,Lahore,,,,,,,OLX,2025-09-07 09:47:14
16294d43-d493-441b-9956-7a739a27d635,landlord,Nida Abbasi,03006061828,03011710587,44579-8559879-1,Bahawalpur,,,,,,,Zameen,2026-02-28 15:02:26
270ecdef-60a0-4751-a709-7c70c68ac1af,tenant,Adnan Mirza,03458853199,03214864708,81150-2235607-4,Lahore,17400000,24000000,Askari 10,Sq Yd,9,buy,Zameen,2026-02-24 13:51:07
f1182042-1312-47f4-8195-e1118ad9e6b5,seller,Shahzad Anjum,03116428726,03025934238,,Islamabad,,,,,,sell,Zameen,2026-03-05 18:19:55
6fa40e6d-0a58-4591-84da-145d89d3f04e,buyer,Ali Gill,03107817586,03003859153,14981-8926075-6,Rawalpindi,24800000,35100000,Askari 14,Sq Yd,19,buy,OLX,2026-06-09 20:25:55
294d5dfe-8645-4cad-9bb6-99f3e0e0fb8d,landlord,Hira Anjum,03104875844,03028161232,66335-6693509-8,Rawalpindi,,,,,,,WhatsApp,2025-09-27 16:55:05
ccc3ba63-a41d-4bdd-b9e4-fc1e618927dd,buyer,Iqra Baig,03031376183,03338771253,85835-1433634-6,Karachi,9300000,13200000,Askari 5,Kanal,7,rent,Zameen,2026-05-30 21:26:59
6a2822b1-36ff-4b8d-af94-8c567fc24094,buyer,Umer Khan,03014592660,03009652312,,Rawalpindi,19100000,29400000,DHA Rawalpindi,Kanal,9,buy,Zameen,2026-02-22 10:30:04
b37dc0e3-5429-4684-b560-f8434dfce96e,seller,Aamir Dar,03205530482,03206125262,28579-8153965-7,Lahore,,,,,,sell,Referral,2026-08-20 11:23:29
d82d7f75-bab1-47c1-a891-66c28cb0682b,seller,Zeeshan Khan,03018285558,03037196198,,Gujranwala,,,,,,sell,Referral,2026-07-14 20:11:21
2e649e84-1901-40d5-94dd-ec045aacf99d,buyer,Hamza Malik,03022767258,,,Karachi,23000000,24300000,Clifton,Sq Ft,9,invest,WhatsApp,2026-07-12 09:29:16
e3c8a38a-2494-4034-aa3f-1b7debf4970a,investor,Farhan Cheema,03208620842,03204595503,,Islamabad,12200000,23100000,DHA Islamabad,Marla,7,invest,Facebook,2026-05-15 10:48:16
cbb07f2c-492c-4099-9643-4ee99f42ae21,buyer,Warda Soomro,03005233983,03337580319,92994-8915176-9,Karachi,15900000,30200000,PECHS,Marla,15,invest,Zameen,2026-07-28 20:29:01
4180f6d4-98ac-47ce-8b08-7e67b05acda8,tenant,Fatima Rana,03029994694,03035385504,74638-7659225-8,Lahore,17400000,23900000,Askari 10,Sq Ft,15,invest,Zameen,2026-01-16 19:54:38
abb818c8-1ca7-4e03-8c6b-c8f7d14f7af5,buyer,Naveed Butt,03113542721,03116133999,,Karachi,9000000,14400000,DHA Karachi,Marla,12,buy,Facebook,2026-05-26 11:41:07
bdd59425-cbb8-4585-aec0-89a7b86680db,buyer,Sidra Malik,03028136920,03005206240,,Karachi,6500000,10000000,DHA Karachi,Sq Ft,18,invest,Facebook,2026-03-07 15:06:46
a5070688-af11-4d02-ba7a-a52b7acc6c16,buyer,Asad Khan,03026601242,03108807083,83790-5512883-6,Lahore,9300000,11100000,DHA Lahore,Kanal,3,rent,Zameen,2025-11-20 18:45:08
f3e1b348-d0de-44de-9cf1-a0aed56ca243,buyer,Kamran Khan,03119734254,03205775389,12759-6792987-7,Sialkot,17700000,26400000,Model Town Sialkot,Marla,12,invest,Facebook,2026-06-10 12:01:45
bfdf68de-f925-409c-889c-e99098bbaf19,buyer,Naveed Malik,03209428024,03019159139,44869-8196115-3,Lahore,9100000,12400000,Gulberg,Sq Yd,15,rent,WhatsApp,2026-01-29 19:09:06
f24dbc9b-d721-4863-a336-12f8ab186836,landlord,Shazia Khan,03105276386,03334305716,,Islamabad,,,,,,,Zameen,2026-04-13 14:58:52
9ac60eaf-ab13-403e-b8c7-7544aba13e2b,buyer,Salman Farooq,03022111950,03455523527,15630-4932031-8,Islamabad,18900000,31800000,Bahria Town Islamabad,Sq Ft,19,invest,Referral,2026-08-14 10:17:29
3bf8f9bc-bda4-42aa-9731-5d4a1470c9e9,owner,Anum Rana,03216490139,03205021108,34951-6920835-1,Karachi,,,,,,,OLX,2026-07-21 12:37:05
ecc6b385-6e26-451f-b829-997c86f95b26,buyer,Yasir Butt,03017652522,03025351127,67890-9947715-7,Lahore,6300000,18400000,Model Town,Kanal,16,invest,Zameen,2025-10-21 11:08:14
078d48ee-c343-4dc6-9e08-6805a70734da,investor,Rabia Baig,03013282873,,,Islamabad,25200000,29000000,G-10,Marla,20,buy,Zameen,2025-10-08 15:56:54
52248252-901a-4f6d-b03f-f3a5537d5caf,buyer,Tariq Dar,03106180311,03335303445,91277-2240867-3,Karachi,9300000,10900000,Bahria Town Karachi,Sq Yd,14,rent,Zameen,2026-01-12 21:20:10
609246b9-f467-4557-a10e-1b2c6d48ce84,owner,Noreen Abbasi,03116021576,03218180253,,Islamabad,,,,,,,Zameen,2025-11-16 13:55:34
3ab85dce-89c4-4244-bcb9-7fda672f754b,landlord,Amna Zaidi,03115500730,03117070823,,Karachi,,,,,,,Zameen,2026-07-29 13:00:13
639d7aeb-0517-476b-926d-3d5ebf361dd2,tenant,Mehwish Chaudhry,03023201188,,,Karachi,8000000,15000000,PECHS,Sq Ft,6,buy,OLX,2026-08-10 16:11:19
ed972656-4490-4e23-9c33-ae2a11718199,buyer,Zara Soomro,03207866979,03007074595,72645-7637948-4,Islamabad,21600000,26100000,DHA Islamabad,Sq Yd,17,rent,Zameen,2026-06-15 12:13:07
e02ba49d-9356-4bf1-b95a-236dd8733e8b,landlord,Shoaib Chaudhry,03017273722,,24712-5666117-3,Lahore,,,,,,,Zameen,2026-07-01 13:25:30
658b3d10-4f3a-4b0b-bd64-2ceb4254720f,buyer,Mahnoor Sheikh,03001621336,03215804123,21470-7841654-7,Islamabad,16500000,28300000,F-10,Sq Yd,17,invest,Zameen,2025-11-26 15:38:44
70246212-a9b1-4b39-b107-cd29d8f63e50,tenant,Zaman Baig,03006471741,,17098-4992442-8,Lahore,27400000,28600000,Wapda Town,Kanal,9,buy,Zameen,2026-08-19 08:53:46
3dd26ac2-4ce6-44b9-a361-a3b2666ecf9f,buyer,Zaman Malik,03008406716,03009035043,76912-7329122-5,Rawalpindi,23900000,34000000,Askari 14,Sq Ft,18,invest,Facebook,2026-04-30 14:44:22
71ac2569-2b53-4b44-8c07-da4c33fb2d59,buyer,Bilal Khan,03455360154,03458352100,75526-7529910-9,Rawalpindi,25800000,33300000,Askari 14,Marla,16,invest,Zameen,2026-07-07 20:13:58
58435fe4-962d-4c62-acf4-3da45eeeacaf,buyer,Faisal Malik,03035155537,03108724469,84711-3965035-4,Karachi,16200000,29500000,North Nazimabad,Sq Yd,19,invest,WhatsApp,2026-08-18 21:38:30
8d98de9b-a83d-4f66-a319-37bc2a8fb94d,buyer,Farhan Gill,03215656221,03007542151,13019-8191526-6,Multan,5600000,19400000,Gulgasht Colony,Sq Ft,8,rent,Facebook,2026-01-22 18:10:13
e7be3cf1-39de-45ad-bd7d-a121f627191c,investor,Imran Ahmed,03019898671,03003150215,87474-2876916-4,Karachi,16600000,18100000,DHA Karachi,Sq Yd,9,invest,Walk-in,2026-06-07 18:19:17
035584f2-94f4-43f2-8001-fed519c48ab5,investor,Asma Butt,03014956048,,,Lahore,5900000,9800000,Model Town,Marla,13,rent,OLX,2026-08-08 15:07:36
6f845f0f-7127-4637-9e35-c4e63bcb9588,buyer,Nida Farooq,03209209514,03216568345,42440-7449136-3,Faisalabad,10400000,17700000,Wapda City,Sq Yd,6,rent,Zameen,2026-07-27 14:12:57
6c372c15-d882-4c3a-bc44-f3e73a201a2f,buyer,Hamza Qureshi,03038850909,03022727830,15422-7090117-2,Lahore,20900000,32500000,Wapda Town,Sq Ft,16,invest,WhatsApp,2026-06-20 19:40:05
dee44156-ed33-46c4-8753-e8393c12b252,seller,Shazia Ahmed,03118204342,03105178794,,Gujranwala,,,,,,sell,OLX,2025-10-17 18:16:47
4c2a7661-3620-42e1-b284-83ae3b99480c,tenant,Komal Mirza,03112854440,03334564390,,Lahore,10900000,23200000,DHA Lahore,Sq Ft,18,rent,Zameen,2026-07-31 19:36:01
06791752-c82e-4ab2-9494-d1b7dc7278da,investor,Mehwish Cheema,03025928920,03207513243,52672-9275107-3,Karachi,29600000,32100000,Bahria Town Karachi,Sq Yd,16,rent,Facebook,2026-07-01 18:05:46
feacb5c3-e13b-4802-88ae-431045b67cc3,buyer,Sundas Rana,03112350393,03023252639,,Islamabad,27300000,31800000,F-11,Kanal,14,buy,Zameen,2026-01-21 09:58:52
1c498b23-9df5-441e-afa5-dab9ec27905a,landlord,Sobia Warraich,03034913366,03109864532,52111-4859616-1,Rawalpindi,,,,,,,Walk-in,2026-01-20 20:14:33
b9068cea-37d1-486d-8076-92af7c2fde14,buyer,Ali Farooq,03331499080,03458411596,24401-8138348-5,Karachi,15300000,16400000,North Nazimabad,Sq Ft,6,buy,OLX,2025-12-16 21:42:29
77497d5e-735a-4450-96c6-f70f9d599e94,buyer,Fahad Khan,03034713578,03216552979,,Peshawar,15000000,28700000,Hayatabad,Sq Ft,11,rent,Zameen,2026-06-28 12:35:03
9ff8ad57-ff07-4c55-a375-065dae0c9013,buyer,Salman Iqbal,03039255961,03028684955,56865-2677037-8,Karachi,29300000,42600000,Clifton,Marla,3,buy,OLX,2025-12-11 16:11:24
b3d2493d-5479-4203-9268-d598e68ce3bc,buyer,Rida Zaidi,03012070255,03219867513,68830-4929726-4,Lahore,27800000,34700000,Valencia Town,Marla,16,invest,Walk-in,2026-04-15 14:17:32
d351861b-f2e6-424a-ba53-10b6eec2027f,buyer,Sohail Hussain,03336958334,,78928-6463460-3,Faisalabad,3700000,18200000,Jinnah Colony,Kanal,17,invest,Referral,2026-04-15 13:46:05
e238ec70-fa65-476d-bf38-ed8f703fb7c0,buyer,Sobia Rana,03107414975,,,Rawalpindi,27700000,40500000,Chaklala Scheme 3,Sq Ft,11,buy,Zameen,2026-07-17 21:42:08
29e3e242-3f51-4682-be77-f6f7dcbfe960,buyer,Sohail Farooq,03011929030,03219441051,,Karachi,27600000,35700000,Bahria Town Karachi,Kanal,6,rent,OLX,2026-04-06 11:57:39
18032a45-3090-420c-adf2-70b2cbc33ff3,tenant,Laiba Chaudhry,03338922897,03026819618,95284-3677285-3,Karachi,16300000,31000000,Clifton,Marla,8,rent,Referral,2026-05-11 11:46:03
e85abad3-0f7f-4f33-b93d-b95a024529f6,tenant,Haris Sheikh,03011446697,03219230452,99598-9784023-1,Karachi,7600000,14800000,Clifton,Marla,14,invest,OLX,2026-04-20 14:20:51
594bd24d-1751-43bd-a3dc-4eb5b9047a39,tenant,Imran Dar,03337278135,03459162948,,Karachi,11200000,16200000,PECHS,Marla,8,rent,WhatsApp,2025-11-17 14:05:43
b5d53d4a-766d-45d7-81ae-ddce304d17c5,seller,Mehwish Baig,03026610611,03106766958,90765-8919616-4,Rawalpindi,,,,,,sell,Zameen,2026-06-27 13:23:59
39be570b-9dd3-4f9e-8c6c-c982831524be,buyer,Rizwan Niazi,03114993853,03211654335,,Sialkot,23200000,27200000,Model Town Sialkot,Sq Yd,7,invest,WhatsApp,2026-04-25 09:25:09
7173d3a3-610c-4dfb-bf78-5ca75bff05f4,landlord,Fahad Javed,03216384856,03017748503,,Islamabad,,,,,,,Zameen,2026-02-08 18:53:58
b847b3b7-d6ad-4941-9f75-1c1357d5c196,seller,Ahmed Warraich,03333171325,03207774520,48072-2162783-4,Faisalabad,,,,,,sell,WhatsApp,2026-08-17 18:52:41
8bfc5cc1-0bdb-48ee-a673-239d3e50a324,owner,Shazia Dar,03116098904,03025126454,,Lahore,,,,,,,Facebook,2026-02-14 15:17:33
1804d670-79eb-424b-979e-f46737851102,tenant,Hira Gill,03214905646,03009446953,60025-3061922-2,Islamabad,17700000,32000000,G-11,Kanal,7,invest,Zameen,2025-09-29 08:08:56
c2571945-f208-4573-8ac6-e67800f749cd,investor,Umer Warraich,03032896811,03209195311,85154-5736034-8,Lahore,24000000,28500000,Wapda Town,Kanal,3,rent,OLX,2026-08-07 08:06:59
6ce4858a-2e0c-4553-8500-7cb31f768eef,investor,Farhan Javed,03034890996,03036904801,18111-3397151-9,Rawalpindi,10700000,15300000,Chaklala Scheme 3,Kanal,6,invest,WhatsApp,2026-03-10 18:13:09
3d65b88a-218b-4365-91c4-961c1c440369,tenant,Nida Javed,03027228433,,42987-5226299-5,Lahore,11000000,15300000,Valencia Town,Marla,16,invest,Facebook,2025-09-25 18:18:25
3fa5128d-93b5-44cc-b892-d68cc78c413a,seller,Adnan Farooq,03212782243,03201365660,58625-1611559-8,Karachi,,,,,,sell,Zameen,2026-07-02 21:44:42
7ec06ff8-d2e2-4c4e-9286-7d210ec57d09,seller,Naveed Dar,03022663871,03038196078,96662-5665983-1,Lahore,,,,,,sell,Referral,2026-06-30 13:00:46
f0bbba59-4582-4bc2-902e-97d5010a9588,buyer,Iqra Qureshi,03204350706,03112590557,,Lahore,16500000,25800000,Gulberg,Sq Ft,15,buy,Facebook,2025-10-11 12:09:27
bd78eb00-ea77-4fb1-a38b-a9bb202dbb46,buyer,Ayesha Malik,03001642151,,10627-3363833-1,Karachi,12600000,16700000,Bahria Town Karachi,Sq Ft,18,buy,Referral,2026-01-11 09:06:03
7f34bd55-40a9-46e3-843d-87bf98a4e49d,tenant,Maryam Raza,03452092046,03011184275,73472-6768829-1,Lahore,17000000,22300000,Model Town,Sq Ft,3,invest,Zameen,2026-03-15 08:21:03
003712dc-82f7-47ff-9400-36a7c7b8e62d,buyer,Tahira Naqvi,03216079281,03103625053,95124-5048058-8,Karachi,5500000,9500000,DHA Karachi,Sq Ft,19,buy,WhatsApp,2026-04-26 14:30:31
42b7d0e9-caec-46ab-b83a-eca499b9d836,tenant,Zeeshan Abbasi,03101550597,,18194-1205244-9,Peshawar,6600000,19700000,University Town,Marla,15,rent,Facebook,2025-12-25 13:04:18
49deec71-092c-47c1-8958-b4f76d2bd548,tenant,Komal Chaudhry,03109573840,03016710442,71294-4667827-2,Karachi,23400000,27600000,PECHS,Sq Yd,15,invest,WhatsApp,2026-08-12 09:46:22
ba6482ec-f60d-43be-b438-666fc55728e8,investor,Farhan Bhatti,03119272223,03024707142,,Faisalabad,24200000,32800000,Jinnah Colony,Sq Yd,4,buy,OLX,2026-08-18 15:44:33
e6ee0641-c661-44fa-81a4-4d3784e6a34e,tenant,Saad Rana,03008933604,03217287813,,Lahore,25800000,30100000,Wapda Town,Marla,17,rent,Facebook,2025-12-16 12:19:55
6da74fc2-c9a0-4c89-8ceb-eee1a921208c,buyer,Komal Farooq,03105502543,03213424910,26547-8565153-3,Lahore,8500000,13800000,Wapda Town,Sq Yd,9,buy,Facebook,2026-05-29 10:14:16
cb93636e-6922-40c2-b394-45f17904b552,buyer,Saima Anjum,03005405312,03218640836,,Karachi,15900000,27900000,North Nazimabad,Sq Yd,5,invest,OLX,2025-11-28 19:20:56
bbf493df-5fc3-4310-bb93-9ae585d645ca,buyer,Hira Akhtar,03002402024,03037727195,,Islamabad,26400000,28100000,F-11,Kanal,15,rent,Zameen,2026-05-21 14:25:54
b94427fc-126f-4c8a-9d85-503c66c30c53,buyer,Naveed Zaidi,03453250193,03005753991,42652-6272537-2,Sialkot,12600000,21200000,Cantt,Kanal,18,buy,Facebook,2026-05-23 11:52:58
c68eff03-fdd3-4fbc-a299-349e6380bfe6,tenant,Yasir Raza,03334876346,,52295-5681150-1,Rawalpindi,27200000,32000000,Chaklala Scheme 3,Sq Ft,4,rent,Zameen,2026-05-13 12:08:22
eb2c29ef-c6e5-48cd-be7d-c4f8bd81399c,buyer,Komal Akhtar,03022327609,03026482662,95700-1697258-1,Lahore,15900000,29600000,Model Town,Kanal,17,rent,Zameen,2026-07-21 13:32:18
c5f5bf34-3e74-4fe9-8273-a7dba629aa5c,buyer,Kashif Iqbal,03021941681,03106030543,,Lahore,20200000,23200000,DHA Lahore,Sq Yd,20,rent,WhatsApp,2025-11-27 13:05:48
718229d4-1388-495c-a7d7-151e5f8a959e,tenant,Asma Niazi,03212513282,,36425-9893797-8,Lahore,18900000,24700000,Gulberg,Sq Yd,7,rent,Referral,2026-03-19 11:34:21
3de4f611-c6b0-41ae-9721-e7d0b979ba6f,buyer,Sohail Iqbal,03037139428,03018941032,44656-8700287-4,Islamabad,14700000,24500000,Bahria Town Islamabad,Sq Ft,6,rent,Zameen,2026-01-14 08:42:58
17a94abe-5dea-44e9-9853-ffdab4c27137,seller,Bushra Javed,03214878641,,94243-3644025-1,Lahore,,,,,,sell,OLX,2026-07-16 11:42:37
f46c4789-1352-43d2-8912-000e4e89d40f,seller,Rabia Hussain,03016585346,03456119184,46323-7495010-2,Karachi,,,,,,sell,Facebook,2026-08-18 11:59:59
ebb1ea19-06b7-452d-9542-f66d409c4a04,buyer,Rida Niazi,03334180371,03331699172,91241-9404441-4,Karachi,12800000,24200000,North Nazimabad,Sq Ft,5,invest,Facebook,2026-03-13 15:24:50
a461a578-1c1e-47da-a53e-a0e37c806cc0,landlord,Faisal Awan,03008654223,03208196427,96186-3345613-7,Rawalpindi,,,,,,,Zameen,2025-10-21 10:33:16
dbfe31d7-c69c-41d5-bcbb-fd1869d64b41,buyer,Imran Iqbal,03006410131,03034308754,36897-2736914-2,Faisalabad,29000000,32100000,Jinnah Colony,Kanal,4,buy,OLX,2026-04-23 12:20:45
18f5dd19-ac97-4357-a78d-ab781c911a1d,seller,Waqas Qureshi,03029671240,,45623-3931157-8,Karachi,,,,,,sell,Facebook,2026-02-26 17:09:07
9db02c23-3af6-44e2-a708-3a3547b12f89,tenant,Uzma Baig,03201677600,03024169281,91375-8573531-5,Karachi,16900000,24800000,DHA Karachi,Kanal,9,rent,OLX,2026-06-15 12:19:09
0cc0152d-93fb-49ad-9a3e-7cd889b4d239,landlord,Tahira Naqvi,03219221001,03034719272,62878-5739226-9,Lahore,,,,,,,Walk-in,2025-11-18 15:44:28
699b8462-8cfc-4baf-805f-83bfbedd8683,owner,Sundas Dar,03015582038,03024792637,75939-7585873-2,Lahore,,,,,,,Zameen,2026-01-27 11:39:54
a30995a7-c522-4a02-867f-7df3f863f6ab,investor,Bilal Mirza,03039811102,03203372251,,Islamabad,16800000,22400000,DHA Islamabad,Sq Yd,4,buy,OLX,2026-03-17 13:05:27
ddd8dba9-f0a4-40e2-b14d-0963ad965733,seller,Tahira Raza,03451329416,03104011632,41771-8743768-4,Lahore,,,,,,sell,Zameen,2026-03-24 11:23:15
80b64184-28d1-410d-9a33-13236614a2dc,tenant,Rizwan Butt,03454438266,,,Karachi,23200000,29500000,North Nazimabad,Sq Yd,18,buy,Referral,2025-11-12 14:05:02
7c62d0a3-655a-4b73-a369-c151eaeecd21,buyer,Ali Raza,03029317814,03036425773,67448-6236196-8,Lahore,20200000,30200000,DHA Lahore,Sq Yd,3,buy,OLX,2026-05-06 12:30:38
db8ab4a8-5adf-41b8-9453-2f70ea8140aa,buyer,Mehwish Zaidi,03036441427,03216837177,26486-2608328-3,Karachi,17700000,31600000,Gulshan-e-Iqbal,Sq Ft,15,invest,Referral,2026-02-01 19:36:18
df697b91-f0ca-4fac-9285-ff8d5c0af67a,buyer,Imran Satti,03021471935,,,Rawalpindi,27100000,40600000,Askari 14,Sq Yd,9,invest,Facebook,2026-07-20 17:50:49
6ee3f3da-e68f-41f4-a75d-3f5b072b096b,owner,Bushra Farooq,03018704238,03101782513,,Lahore,,,,,,,Zameen,2026-05-14 21:48:18
294659e9-bcce-475b-b411-4fb3a490594e,owner,Farah Naqvi,03026421701,,23070-1564959-2,Rawalpindi,,,,,,,WhatsApp,2026-06-28 13:01:56
65ce69ea-3848-4e6c-b1ef-e49b17a8ce68,owner,Anum Qureshi,03458333872,,82793-1734648-6,Karachi,,,,,,,Zameen,2026-05-26 12:27:34
bdc62fac-ffaa-4d58-b913-b94ee91f175c,buyer,Kamran Khan,03211793162,03102678896,35944-1118820-1,Faisalabad,16500000,18100000,Madina Town,Kanal,18,buy,Zameen,2025-08-25 17:17:47
e049858b-aeb2-4996-87e4-a27333037bfa,investor,Aamir Gill,03202552452,03452709306,,Multan,20600000,28300000,Bosan Road,Sq Yd,20,buy,Referral,2026-07-03 09:19:36
af32a965-f073-4fa6-a27c-9a68b6681114,tenant,Haris Anjum,03335902767,,68091-8313453-9,Rawalpindi,20800000,30000000,Bahria Town Rawalpindi,Kanal,8,buy,Zameen,2026-01-22 19:25:32
b08ccc3b-da1b-4e79-a6a6-0d487bcc60c7,buyer,Hamza Awan,03035430016,03337639766,,Rawalpindi,6100000,16100000,Askari 14,Sq Ft,20,buy,Zameen,2026-04-21 09:09:24
c92cecfa-8768-4633-a096-321593449944,landlord,Ali Malik,03214460406,03021816745,84990-9749277-6,Lahore,,,,,,,Facebook,2026-05-27 21:54:55
e8ac3071-54ac-4be0-b9d1-cd32ac277431,tenant,Tahira Butt,03202034752,03332166938,46307-1466023-2,Karachi,17200000,24300000,Askari 5,Kanal,6,rent,OLX,2025-10-17 11:04:28
5e06f0b9-c9a6-4c74-9fd8-69a928551a20,buyer,Zara Warraich,03454711098,03457043099,40485-6486661-8,Karachi,15800000,21800000,Clifton,Marla,20,rent,Zameen,2026-05-11 20:34:54
d73c85c9-641d-438b-a24b-b33481ffb774,buyer,Bilal Gill,03027567093,03118461455,99652-7633910-1,Lahore,29900000,34000000,Gulberg,Marla,5,buy,Zameen,2026-07-19 20:47:02
fae620cb-c741-483d-aa5f-df92b75fdc16,landlord,Tahira Abbasi,03029310185,,72270-5290623-1,Lahore,,,,,,,Walk-in,2025-12-18 12:20:22
75411eb3-7e1d-48ce-ac5e-be4c85a5af76,tenant,Junaid Ahmed,03102042788,03028493182,50998-6729774-9,Karachi,14300000,23500000,DHA Karachi,Sq Yd,16,invest,WhatsApp,2026-08-14 09:02:48
9372f537-ed1b-4e22-ab15-f502895f10e1,seller,Zara Sheikh,03103678016,03014170983,,Lahore,,,,,,sell,OLX,2026-04-17 08:35:18
4a0fb29b-af22-4722-8578-ea1ee2218879,landlord,Fahad Abbasi,03031924656,03456904055,11010-5527058-2,Karachi,,,,,,,Zameen,2025-08-26 16:21:28
04ad64b0-06c0-4c63-9e57-72bc03ca7809,buyer,Usman Khan,03032440522,03029632340,,Karachi,25800000,36200000,Gulshan-e-Iqbal,Marla,3,invest,Zameen,2026-05-26 08:25:49
dd0827c3-2c30-44a8-985b-096bf7949ebc,buyer,Mehwish Qureshi,03016198399,03019323802,73372-9165228-2,Gujranwala,10300000,12400000,Satellite Town,Sq Ft,13,rent,OLX,2026-01-19 11:05:54
95c29270-3a41-4425-a533-893dfc411c10,buyer,Ahmed Raza,03034375802,,64448-2202972-2,Lahore,15300000,18100000,Gulberg,Sq Yd,11,rent,WhatsApp,2026-06-27 10:13:16
c768b3d0-9fa3-4eb2-ab0e-b733f692d973,landlord,Salman Anjum,03029334081,03454033558,,Karachi,,,,,,,Zameen,2026-08-20 13:15:40
13165b5a-d5b6-4433-bb65-7bc356fc69cf,seller,Sundas Naqvi,03037060299,03025384247,45362-8597810-9,Karachi,,,,,,sell,Referral,2026-05-07 13:03:45
aedfbc21-a008-48cf-af85-a0771e0e850b,tenant,Hamza Warraich,03458464114,,,Lahore,15000000,20400000,DHA Lahore,Kanal,3,invest,Zameen,2026-05-16 20:52:38
1a46793b-0eb8-4f3e-8788-912c944c85c3,owner,Laiba Farooq,03009841496,03004828986,87363-7698151-1,Lahore,,,,,,,WhatsApp,2026-08-13 19:42:34
241d2bb5-2de9-4c68-bedc-191fdfad7b62,buyer,Tahira Javed,03206526334,03011681382,53661-2737004-6,Islamabad,4700000,7800000,DHA Islamabad,Sq Ft,18,buy,Facebook,2026-08-01 20:01:57
8b446ae0-739f-45f1-a2da-4192b7a6b639,seller,Yasir Cheema,03339482897,03119365158,54743-3566123-8,Karachi,,,,,,sell,Facebook,2026-01-22 08:10:48
7c1fae72-46c6-491f-95c8-fa545ab4d8c6,tenant,Hira Iqbal,03102501263,,95912-9810220-5,Rawalpindi,22400000,25700000,Chaklala Scheme 3,Kanal,5,rent,WhatsApp,2025-08-30 19:14:45
318a6cba-59ab-401f-9634-aecd6d2759bc,seller,Asma Qureshi,03022875838,03114658177,58634-3199382-5,Lahore,,,,,,sell,Facebook,2026-07-25 20:17:26
9d0637fe-517c-47d3-93ab-f209addae6bb,buyer,Nazia Bhatti,03205576062,03455713540,77146-5347297-8,Faisalabad,10000000,24900000,Wapda City,Kanal,19,invest,WhatsApp,2026-08-09 21:51:00
b31ad3d7-7a3b-468f-ae54-acc3059cb323,buyer,Warda Soomro,03206267067,03109055386,,Karachi,25000000,34200000,Gulshan-e-Iqbal,Sq Yd,3,invest,Zameen,2025-08-21 17:02:01
1c6b9618-517d-456b-97bf-98d9696b1fae,tenant,Yasir Baig,03008706562,03334901315,,Karachi,5500000,7300000,DHA Karachi,Sq Ft,12,invest,Referral,2026-06-17 09:19:36
02f433b3-3581-4d2f-a784-a12bc8c23bf5,owner,Nida Qureshi,03027343120,03332600961,10701-1008218-3,Islamabad,,,,,,,Facebook,2025-11-09 15:28:29
1c29cc2d-30ff-455d-be68-de081bc177da,buyer,Saima Malik,03214461416,03212015753,87501-2496423-9,Rawalpindi,7800000,21400000,Bahria Town Rawalpindi,Marla,15,rent,Referral,2026-06-19 14:32:43
ff5bfede-4673-4e70-a02c-295a1021a6a5,buyer,Nida Mirza,03037248155,03039130316,11437-3911342-8,Karachi,25900000,32400000,Gulshan-e-Iqbal,Kanal,5,invest,Zameen,2026-03-27 10:05:49
caf0880e-2936-47b6-b275-79925c7035a0,investor,Mehwish Mirza,03208083114,03332242613,24748-4361065-4,Karachi,4000000,9200000,Bahria Town Karachi,Marla,9,rent,OLX,2026-08-02 10:05:26
3364e99c-f649-4807-885f-eaa68b6fcf5e,buyer,Aamir Baig,03024276405,03005214394,51888-3210975-8,Lahore,10300000,24800000,Bahria Town Lahore,Sq Ft,8,rent,Facebook,2026-08-20 18:06:12
5e5a7068-efcc-4070-9c76-d404ec54bff3,buyer,Noreen Sheikh,03111778671,03001552841,58914-7330185-9,Faisalabad,23400000,25700000,Wapda City,Kanal,19,buy,Zameen,2026-06-04 17:58:20
79f8ea3a-934d-4de9-bd20-29d511cb739c,buyer,Usman Soomro,03116004990,03024324623,,Rawalpindi,19300000,25400000,Askari 14,Sq Ft,9,invest,OLX,2026-02-19 14:07:44
0596bc9e-b5e4-4c7a-ba5e-9045b5b99698,tenant,Saad Farooq,03034012116,03006949024,72491-8022066-4,Karachi,14800000,19900000,DHA Karachi,Marla,17,invest,Zameen,2026-07-09 12:06:36
e5615c7f-3f4f-4b44-96fb-2f553644ed03,buyer,Yasir Akhtar,03116620537,03217612350,70684-3259210-1,Islamabad,15200000,22100000,Bani Gala,Sq Ft,19,invest,Zameen,2026-08-19 10:23:16
53f189ec-dfef-46f3-b108-912510091c90,buyer,Naveed Butt,03454157918,03101510363,77726-6168412-5,Karachi,21600000,28900000,Gulshan-e-Iqbal,Sq Ft,4,buy,Zameen,2025-10-23 11:52:25
a9afa66b-cc43-4dd2-b55c-e504acb62420,buyer,Hamza Dar,03208049812,03024103892,,Rawalpindi,22600000,28400000,Askari 14,Kanal,14,invest,Zameen,2026-08-17 20:41:27
2d657cc5-e763-4c34-bb50-58fc6c84225b,buyer,Bushra Baig,03206374797,,,Islamabad,5900000,11800000,F-11,Kanal,10,invest,WhatsApp,2026-01-31 16:40:31
2fd0c10e-3e8f-49a3-a4ea-9c38e2bd16f8,tenant,Asad Bhatti,03004662678,03015463367,45112-2051597-1,Karachi,16900000,27100000,Askari 5,Sq Yd,3,rent,OLX,2026-05-09 13:14:32
ebdb9aed-1218-4ca4-922d-d037752ec5da,seller,Tariq Qureshi,03203753091,,89368-3053758-6,Rawalpindi,,,,,,sell,Zameen,2026-05-14 21:38:58
d2977fc2-7a79-4b0d-a5de-287abc554ab6,landlord,Rizwan Awan,03116389780,03206784065,,Faisalabad,,,,,,,Zameen,2026-08-17 19:51:06
44d61721-36f2-4dc2-92ec-cd2500b5dd89,seller,Uzma Anjum,03111843496,03019059834,73883-7908803-7,Faisalabad,,,,,,sell,Zameen,2025-12-10 14:51:25
a06322b9-9ade-4bb5-95f5-5ebff753175b,tenant,Maryam Dar,03112674630,,,Lahore,27200000,32500000,Bahria Town Lahore,Kanal,15,rent,Walk-in,2026-08-11 10:03:38
19d467bd-ec97-46a9-8e5f-d7114dc2d642,buyer,Sobia Niazi,03204427591,,94023-2934748-2,Lahore,18600000,29800000,Valencia Town,Marla,6,buy,Walk-in,2025-12-01 16:36:50
f9536609-fdcc-455f-8ed2-0bf12ae25c18,buyer,Kashif Soomro,03335852143,03455822122,,Karachi,9000000,24000000,Clifton,Sq Ft,12,rent,WhatsApp,2026-04-25 14:03:55
fdaed8c3-e7ea-4534-a073-679973903013,seller,Sobia Khan,03011526450,03105373082,86389-4258543-1,Lahore,,,,,,sell,Zameen,2026-03-30 13:17:33
216ae0c4-87a1-42b8-9a98-6eceb20a1950,seller,Zaman Akhtar,03118667591,03107315182,18682-2319964-4,Lahore,,,,,,sell,Zameen,2025-11-20 16:28:22
3cf28551-11e4-43b6-a097-086134b8564b,buyer,Tahira Niazi,03002253439,03104151833,48600-3467235-3,Lahore,7000000,19500000,DHA Lahore,Sq Yd,8,rent,Referral,2026-04-28 20:11:02
39146c61-e645-44f4-b38c-0dee21fcd413,seller,Rizwan Hussain,03332688406,03009782309,,Karachi,,,,,,sell,WhatsApp,2026-01-01 14:07:58
6091ec90-01ae-4bbd-84c5-c919ba7ba886,investor,Salman Awan,03218528260,,26366-6738675-7,Karachi,8300000,20600000,Gulshan-e-Iqbal,Sq Ft,9,invest,WhatsApp,2026-06-02 16:20:03
f0e3155d-10c9-4225-9b9a-e50c2e19092e,landlord,Sohail Khan,03206731367,03101548306,,Lahore,,,,,,,Referral,2026-04-26 17:20:38
9a633409-1bde-4e1d-913d-345fb7fe36a2,seller,Ali Chaudhry,03118985839,03335656827,,Lahore,,,,,,sell,Zameen,2026-02-19 10:04:14
05c7f9cd-c817-427d-9175-b7cad238f1db,buyer,Sobia Soomro,03032393614,03028473326,,Lahore,8400000,12800000,Wapda Town,Marla,12,buy,WhatsApp,2026-06-28 08:47:41
8cfea22d-7130-4202-a176-656e538fed98,buyer,Saima Ahmed,03113917780,03331058816,73095-9637717-4,Rawalpindi,9800000,19500000,Askari 14,Kanal,3,invest,WhatsApp,2026-02-02 17:37:17
d0c5f0a3-b07f-4739-aad8-8f0c197066e0,seller,Sadia Iqbal,03029373596,03335573146,18532-7276102-8,Lahore,,,,,,sell,Facebook,2026-08-18 17:40:49
c37bd959-b6a3-4c47-ab67-1b84f39d67eb,buyer,Uzma Qureshi,03106907110,03112242314,,Rawalpindi,25100000,37400000,Chaklala Scheme 3,Marla,17,buy,Zameen,2025-11-04 18:53:37
12dc935c-013b-4617-b9c5-39e0aa2a668a,owner,Warda Qureshi,03013688430,03029670093,19367-1977893-5,Lahore,,,,,,,OLX,2026-03-22 18:41:15
b96f1565-cd3d-4ed2-83b3-f86c6150aace,buyer,Tahira Zaidi,03009524001,03334531153,,Karachi,25900000,31700000,Askari 5,Kanal,4,buy,Zameen,2026-05-08 12:41:57
9e721f70-8ee3-4425-a5d8-e6eacd98ec78,seller,Rabia Ahmed,03211564967,03118892975,31674-5664525-3,Sialkot,,,,,,sell,WhatsApp,2026-07-13 20:10:31
b2ce8720-b309-49cf-bf1e-5cf3355cfc19,buyer,Zaman Rana,03003570038,,35657-3041877-6,Islamabad,9600000,21000000,G-11,Marla,14,buy,Zameen,2026-08-17 21:09:22
cd73a89c-bea0-4ccd-8a23-cb232144bfbc,buyer,Yasir Mirza,03332412216,,42990-4136338-3,Islamabad,19900000,26800000,DHA Islamabad,Marla,11,invest,WhatsApp,2026-08-20 08:28:47
116cef39-a0f7-40b0-a225-35f89bc2527d,landlord,Uzma Soomro,03217398573,03032538319,,Islamabad,,,,,,,Zameen,2026-07-15 08:48:05
ca2d6ca4-dfe3-4f1b-b53c-b1760e3ecd00,seller,Zeeshan Sheikh,03336872645,03032723175,68958-4221262-3,Peshawar,,,,,,sell,Zameen,2026-02-23 11:03:57
44eb358c-0f31-40b1-9de7-603bb3eec4d8,seller,Nazia Chaudhry,03011898913,03207049655,89535-4515854-4,Karachi,,,,,,sell,Facebook,2026-07-06 13:16:27
240b862b-3170-41c7-92d3-b5a24628def0,buyer,Ahmed Awan,03037222640,03216507484,18748-9682355-3,Karachi,18200000,31500000,Askari 5,Kanal,13,buy,Zameen,2026-06-01 16:07:14
6f41f25f-59a4-43ef-8e78-50cbe459ac91,buyer,Sana Hussain,03016849307,,,Lahore,8800000,20300000,Wapda Town,Sq Ft,16,invest,Zameen,2026-02-03 15:22:44
fe51af77-4793-47ca-b541-1ee6efed8672,buyer,Bushra Soomro,03024979301,,78427-3890328-2,Rawalpindi,27800000,36100000,Bahria Town Rawalpindi,Marla,6,buy,Zameen,2026-05-02 08:50:20
e161f5a7-4e47-4eac-8396-4d39dd9c8c05,owner,Bushra Qureshi,03456059919,03216895236,96644-2289908-1,Lahore,,,,,,,OLX,2026-01-08 14:07:32
f65f5225-1f4d-404d-9c55-54eab3bceea5,investor,Nadeem Malik,03007258945,03207709156,,Rawalpindi,16000000,20800000,Askari 14,Sq Yd,9,rent,Walk-in,2026-08-19 20:02:56
ca2f2e37-93b6-4f63-8b29-53180c2d1cbc,tenant,Imran Zaidi,03211809614,03103225772,26504-1874649-9,Karachi,23300000,24700000,North Nazimabad,Sq Ft,19,buy,Zameen,2026-07-31 10:37:34
f8c4f01b-1ac3-400c-83c1-d020261c568b,investor,Zara Abbasi,03202653125,03029680399,,Lahore,7800000,17700000,DHA Lahore,Marla,12,rent,OLX,2026-05-02 21:56:45
c07c6f4b-af06-413a-a9cc-deb55651b960,investor,Kashif Niazi,03214775650,03202787189,43381-4092985-1,Gujranwala,29000000,34300000,Model Town Gujranwala,Marla,13,invest,Walk-in,2026-03-26 11:34:15
90601887-5194-42f9-b81a-e75040115baf,landlord,Komal Satti,03201403828,03006260884,87804-9212339-5,Karachi,,,,,,,Zameen,2026-06-08 12:48:10
4ec1bf03-adc3-4753-a2ae-48dd89c108bf,landlord,Noreen Qureshi,03459655387,03037367391,,Lahore,,,,,,,OLX,2026-07-25 10:14:25
b4a43638-8ce6-41b9-9f01-0b78d49c0a46,landlord,Sidra Soomro,03011287322,03451675329,35694-2668287-8,Lahore,,,,,,,Facebook,2026-07-18 09:51:21
8beb2273-ff56-48f5-a576-77e47845ce81,owner,Aamir Siddiqui,03032119170,03013784376,,Multan,,,,,,,Walk-in,2026-07-10 12:20:07
bad8ff7f-815b-4422-88ca-493d8e4054cb,buyer,Tahira Warraich,03332759027,03017142383,53662-7124538-4,Islamabad,10100000,25100000,Bani Gala,Marla,4,buy,Facebook,2026-08-20 18:31:08
b794661d-d6e9-44d4-bca3-3653bcdf3f49,buyer,Hira Soomro,03014978808,,58738-7122924-3,Karachi,5200000,12400000,DHA Karachi,Sq Ft,14,invest,Facebook,2026-04-27 11:44:24
c99021de-2f72-4dcc-8078-c03995b69106,buyer,Ahmed Sheikh,03018324794,03454783776,,Islamabad,17200000,23700000,F-11,Marla,20,rent,Zameen,2026-07-06 10:52:51
88cb2d74-dc6f-49ec-b5bd-8286c7b5a607,owner,Shahzad Chaudhry,03452427137,03204431872,41247-2897366-5,Karachi,,,,,,,Facebook,2026-04-25 18:28:17
f29ef226-ed41-4f26-8980-72293fc778ec,buyer,Mehwish Khan,03212396087,,85326-9691738-5,Lahore,27300000,38100000,Johar Town,Kanal,9,invest,Zameen,2026-07-22 11:11:15
578c1f1e-572b-4a3d-9b93-5384b7b55b86,seller,Uzma Anjum,03009359206,,,Islamabad,,,,,,sell,Zameen,2026-03-08 21:28:52
216717f3-648e-410e-96c5-9f958fc1eb0f,buyer,Junaid Bhatti,03218440989,03451298229,66214-9902985-6,Sialkot,22500000,28600000,Model Town Sialkot,Marla,19,rent,Facebook,2026-07-04 18:42:00
6a358eef-b8d9-4dee-993d-938e46090354,buyer,Sobia Butt,03106294111,03204629710,,Islamabad,26800000,35400000,Bahria Town Islamabad,Sq Yd,13,rent,WhatsApp,2026-08-18 20:33:54
3bf6ba9c-297f-4f0f-83e3-b4b02beaa221,tenant,Sobia Khan,03022590141,,72896-9891438-8,Lahore,11600000,18700000,Model Town,Marla,9,buy,Walk-in,2025-11-29 14:47:36
7667eda9-01be-45e0-a9f3-1520822120b7,buyer,Mahnoor Zaidi,03116999721,,,Lahore,8000000,22400000,Valencia Town,Sq Ft,15,rent,Facebook,2026-07-13 15:11:52
65b7e9b8-85ce-430e-b02d-eb534a7c7d9f,buyer,Mehwish Abbasi,03207463785,03101002764,16086-3955854-9,Lahore,25900000,35800000,Wapda Town,Sq Ft,4,buy,WhatsApp,2025-12-07 14:07:22
f9d976f7-5371-47e2-a770-bdad59e40a35,buyer,Shoaib Gill,03004188351,03337826134,57100-6063680-9,Lahore,19000000,25400000,Johar Town,Sq Yd,4,buy,Facebook,2026-03-11 16:08:03
d8ba1db1-38da-4df2-a0e3-a163088afab3,buyer,Nazia Satti,03022609398,03036584636,15399-6136251-4,Lahore,21400000,22700000,Gulberg,Sq Ft,14,invest,Walk-in,2025-09-21 10:12:07
94968ed1-0c59-4bd5-8499-4168898e8847,tenant,Rida Butt,03452461709,03038821291,97781-7314209-6,Lahore,20600000,23900000,Wapda Town,Kanal,9,buy,OLX,2026-03-09 09:19:07
4b0ba91f-f419-4bf6-aa42-682c1b04f0da,buyer,Saad Naqvi,03213792909,03009339186,,Karachi,16200000,24200000,Bahria Town Karachi,Sq Ft,18,invest,WhatsApp,2026-08-15 16:51:52
6285dc36-327b-4b34-8bf5-6f97679efc91,buyer,Nadeem Dar,03022454233,03034255673,,Islamabad,19800000,33400000,F-10,Marla,14,rent,WhatsApp,2026-04-21 14:25:21
730fce86-8913-47d0-8828-24fa2e6c8516,buyer,Adnan Warraich,03202909575,,,Karachi,6200000,17000000,North Nazimabad,Sq Ft,16,rent,WhatsApp,2026-07-26 15:25:19
e7d6cfac-b2d3-4fab-8904-c37d22f30bd9,tenant,Mehwish Farooq,03201345330,03102474848,21801-7940522-2,Karachi,21000000,33400000,DHA Karachi,Marla,10,buy,Zameen,2025-10-31 17:29:14
538762fd-bfbc-4f50-9ff0-ede073608c9b,tenant,Sohail Malik,03335209093,03104033899,60630-6283842-5,Rawalpindi,21600000,26100000,Askari 14,Sq Yd,5,invest,Zameen,2025-09-06 13:27:41
c13078c2-0cfb-4d9d-bb2d-4d34756fa7f9,buyer,Noreen Butt,03339281141,03036936948,45792-4519494-4,Karachi,5600000,11500000,DHA Karachi,Marla,3,invest,OLX,2025-10-26 12:35:44
46191a7b-3368-4961-94a0-c85d37c84a90,tenant,Yasir Sheikh,03219843791,03338744512,89522-5882363-3,Lahore,28600000,34100000,Model Town,Kanal,14,buy,Zameen,2026-07-14 20:32:00
49732762-e10d-4ecf-8c38-41087e634e6d,tenant,Sadia Butt,03036365065,03029105821,24480-2526377-7,Lahore,22700000,37000000,Model Town,Marla,4,rent,Facebook,2026-04-29 08:41:57
f1de56a8-45c9-436b-8af2-27ef37e7e407,tenant,Zaman Siddiqui,03021601913,03336468298,92274-1432476-1,Lahore,10400000,16500000,Model Town,Kanal,4,invest,Zameen,2026-03-08 19:24:04
4b1343f2-3f55-4a98-a351-5b1ba17e4c82,seller,Komal Dar,03214340472,03337852235,,Karachi,,,,,,sell,OLX,2026-04-08 18:46:31
d7bd7e38-d15d-48de-ba30-a9a064c95f4e,buyer,Shahzad Abbasi,03204057497,,,Gujranwala,6100000,14300000,Satellite Town,Sq Ft,11,buy,Walk-in,2025-11-05 18:19:30
3f6d0d89-5260-4431-8c15-090c7f1b7589,seller,Maryam Sheikh,03333457081,03216053050,,Lahore,,,,,,sell,Facebook,2026-08-20 13:33:02
0fb7272c-cb48-43f1-90e9-019c70df436f,buyer,Usman Ahmed,03218447115,03004617505,96233-7799971-6,Rawalpindi,8300000,11700000,Bahria Town Rawalpindi,Marla,9,buy,Zameen,2026-07-25 11:55:29
9fafd664-bba1-44fd-bc1c-6f580ba0cb19,buyer,Asma Gill,03035120379,03028880711,,Lahore,26300000,34600000,DHA Lahore,Sq Yd,17,invest,Referral,2025-10-20 11:58:14
d3c5e405-52a3-4751-8d15-bfaaca89ab54,owner,Sidra Ahmed,03204012339,03001688962,50837-5519820-9,Karachi,,,,,,,Zameen,2026-05-20 17:16:34
a6075f81-3c19-4643-8bc3-bffb5148c4ae,seller,Waqas Zaidi,03451278803,03036311945,45885-3458644-7,Karachi,,,,,,sell,Zameen,2025-12-04 14:01:02
7beccd23-d955-439d-abf6-199ed22a5731,seller,Warda Dar,03006569827,03454330288,,Peshawar,,,,,,sell,Facebook,2026-04-12 16:04:18
9f1a3c3c-acc2-4894-b2ff-e09386c74d39,tenant,Amna Warraich,03456930882,03034877524,,Rawalpindi,18300000,21000000,Askari 14,Sq Ft,20,rent,Zameen,2026-06-15 14:00:50
9f8c3270-0706-4e66-b0ee-03b06ce68879,buyer,Usman Cheema,03037330278,03332997566,46573-5075480-1,Faisalabad,13500000,26100000,Madina Town,Kanal,5,rent,Facebook,2026-04-29 17:21:17
113cce0e-9031-4719-b518-9d662f0a43b4,tenant,Zeeshan Qureshi,03119040742,03031177732,,Lahore,26100000,40100000,Askari 10,Sq Yd,7,buy,OLX,2025-09-04 09:11:49
769a2b62-dab3-4f4b-8b13-b1e9f4d45656,buyer,Sadia Chaudhry,03219820169,03105001152,92021-4606179-1,Karachi,4600000,11500000,North Nazimabad,Sq Yd,4,invest,Zameen,2025-10-28 11:45:17
7349c12b-416c-4f6c-951d-c244452dbd38,owner,Usman Malik,03209384284,03119609620,80781-2669740-2,Lahore,,,,,,,Referral,2025-10-27 21:47:56
21176cd8-bc89-482f-8830-2b41c58630c0,tenant,Mehwish Siddiqui,03459864858,03206310297,90026-3938044-9,Lahore,13000000,17000000,DHA Lahore,Marla,13,rent,Facebook,2026-01-10 10:35:22
23398ac7-9a95-4c9e-92fb-eaf945dae573,seller,Rizwan Hussain,03208839861,03208810081,51579-6433809-3,Karachi,,,,,,sell,Referral,2026-08-16 19:13:29
64886331-5c64-453c-8f27-ca65148d44e2,seller,Amna Farooq,03456167922,03102821346,16436-9634799-1,Lahore,,,,,,sell,WhatsApp,2026-06-15 08:06:53
549a9141-de05-472c-afd5-1ef8fff79ce6,buyer,Shoaib Zaidi,03332448977,,26154-4397539-7,Lahore,16500000,30900000,Wapda Town,Kanal,3,buy,OLX,2026-03-02 10:21:58
802ae8dc-6eaa-41f1-ba6c-8ad08ba303ce,landlord,Rida Sheikh,03008630780,03111047792,64252-3556196-4,Sialkot,,,,,,,WhatsApp,2026-03-29 14:10:14
ac3141b3-0af5-4ff1-b570-d85d6be5c431,buyer,Tariq Sheikh,03116384684,03451767338,,Lahore,4200000,11400000,DHA Lahore,Kanal,7,buy,Zameen,2025-08-22 18:21:47
2584baf7-ea7d-41d4-a99f-34f2d80cc910,landlord,Haris Chaudhry,03206165945,03032842543,,Lahore,,,,,,,WhatsApp,2026-06-05 13:17:58
3bd25c80-77c7-4f9f-9d48-adc954848c89,buyer,Sohail Raza,03007985952,03103451239,,Faisalabad,13000000,26200000,Jinnah Colony,Sq Yd,13,rent,Zameen,2026-06-01 09:08:54
521c38df-4ef5-4875-854e-8f63bda12150,buyer,Asma Niazi,03335285070,03111601976,,Islamabad,29500000,33200000,Bani Gala,Marla,9,rent,Facebook,2026-08-11 15:02:29
b4dd6973-6457-4d34-9941-2e3cbc1f75a6,buyer,Sidra Khan,03205253760,03457091684,35580-5181219-9,Rawalpindi,23700000,25100000,Bahria Town Rawalpindi,Kanal,20,buy,OLX,2026-05-19 20:36:06
dd2d9276-b17b-4ec6-9790-114248b796e0,landlord,Sidra Akhtar,03338736237,03337503032,56665-5266670-4,Karachi,,,,,,,Zameen,2026-07-12 11:43:08
363fc2a8-af2b-462a-bd05-cf1858e2af80,landlord,Kashif Butt,03453819933,03332568938,84297-9284477-2,Karachi,,,,,,,Zameen,2026-04-20 15:37:20
3f986d33-59fc-47f6-a8bc-0a082ca96e80,buyer,Kashif Cheema,03007304326,03112352130,42303-8103289-5,Karachi,17600000,18800000,PECHS,Sq Yd,20,rent,Referral,2026-03-01 17:16:16
f58bf36e-969c-43a9-8a23-d73ec0cb7a84,seller,Hamza Baig,03108118918,03101607353,,Lahore,,,,,,sell,OLX,2025-09-01 18:01:58
b677ed3b-b6ee-43f7-a22d-3e99e0e4c28e,investor,Umer Rana,03213279879,03205067891,14675-6839855-1,Rawalpindi,21000000,25700000,Chaklala Scheme 3,Kanal,14,rent,Referral,2026-08-20 12:57:39
89edec42-3d15-4620-bee9-3bec3e2679a2,seller,Maryam Rana,03455785811,03001513785,85553-7101332-2,Karachi,,,,,,sell,WhatsApp,2026-02-14 19:23:30
fceb9bed-8f22-4b08-9df1-b82c73c40732,seller,Asad Soomro,03218205118,,,Karachi,,,,,,sell,OLX,2026-07-03 19:54:46
f19e02f1-30ae-4fc6-a5b9-3642ee8ca3ea,seller,Shazia Abbasi,03211667765,03036163702,,Lahore,,,,,,sell,Facebook,2026-07-06 15:23:11
dfc9f393-28b8-4cde-a710-a6a604d77434,landlord,Uzma Hussain,03023209084,03025476513,64864-3328037-1,Karachi,,,,,,,WhatsApp,2026-08-13 19:57:12
5505cc50-8d75-4a93-92a7-554eae203840,landlord,Aamir Hussain,03107485779,03008775127,35088-7776320-7,Lahore,,,,,,,Referral,2026-02-17 12:08:11
acc8efe5-8cb4-4d02-bace-96fbf2842886,seller,Bilal Khan,03009281489,03459353106,24952-5197645-4,Faisalabad,,,,,,sell,Zameen,2026-02-18 12:43:40
dd1b1811-a580-4287-9829-907cf74e1b62,investor,Zara Qureshi,03214009902,,,Multan,7700000,19000000,Gulgasht Colony,Sq Yd,13,invest,WhatsApp,2025-11-25 19:15:32
77706d3f-a496-4402-ad0c-7b48c75ee9dc,buyer,Sadia Satti,03037352795,03339468693,83532-8848181-9,Karachi,27700000,36600000,North Nazimabad,Kanal,20,rent,Referral,2026-03-19 12:36:45
2c8f7ad4-4fc5-4ed1-8467-a13373da8adc,buyer,Sana Butt,03015287800,,84724-2180496-3,Islamabad,25400000,36900000,F-10,Kanal,7,rent,Facebook,2026-04-15 21:36:21
f7f7374c-f5b1-486c-a11c-96210b463651,tenant,Tahira Anjum,03105263376,03002824720,35814-8643382-7,Islamabad,25100000,30200000,G-10,Marla,20,invest,Zameen,2026-08-12 19:40:58
b70a88b8-3d5e-4c10-9fdb-e6c8c6d8b437,investor,Junaid Rana,03017837616,03102189353,15954-9383690-9,Karachi,13700000,27500000,North Nazimabad,Marla,16,invest,OLX,2026-03-18 10:23:32
43ce903f-b182-4eb9-93b5-424f05576196,buyer,Sidra Malik,03005528796,,,Peshawar,22100000,28400000,DHA Peshawar,Marla,4,invest,Facebook,2025-11-26 18:49:46
3d7812d2-f070-43f7-bcc2-aef7392ee312,buyer,Mehwish Qureshi,03114520204,03107824979,,Rawalpindi,29700000,34800000,Chaklala Scheme 3,Kanal,11,invest,OLX,2025-12-08 14:04:27
f85c3e37-f2ba-450f-a3f5-bbffb75fc6dd,seller,Sana Akhtar,03009997855,03101829358,20365-7730251-5,Gujranwala,,,,,,sell,Zameen,2025-11-08 21:58:04
7f0ef67e-5624-4cba-8573-34cee14bd2f5,owner,Sobia Rana,03034596433,03212890323,,Lahore,,,,,,,Zameen,2026-06-14 15:44:02
bd835216-ebc6-4eb6-820f-6ad6bdfab423,owner,Tariq Qureshi,03114027045,03215507793,77335-8815671-6,Lahore,,,,,,,Zameen,2026-06-27 09:27:32
bb7dc450-33d3-44a5-aa4e-0226855da14f,owner,Uzma Cheema,03332172381,03213742545,57854-6866746-2,Karachi,,,,,,,WhatsApp,2026-03-30 13:27:36
0f86fff1-89b6-41f2-910a-776b0552e475,buyer,Imran Awan,03203692385,03115785689,89650-2223013-4,Karachi,17000000,30400000,North Nazimabad,Marla,14,buy,Zameen,2025-09-30 18:37:45
dd26b5a0-3303-458a-a489-25380de19996,seller,Farah Siddiqui,03025179514,03336943673,70384-1691886-2,Multan,,,,,,sell,Zameen,2026-04-21 08:07:14
62d1ff54-c435-4073-9957-4e40a6d60606,tenant,Rabia Raza,03017711773,03333989884,,Lahore,7900000,13000000,DHA Lahore,Kanal,4,rent,Facebook,2026-02-13 18:17:02
a2d3604b-625a-4211-a04b-02d3d40cc683,buyer,Fahad Dar,03334931169,03037862259,31608-2807812-7,Lahore,21500000,32000000,Gulberg,Kanal,3,rent,OLX,2026-06-02 16:58:58
7042738e-459c-4c3b-90cc-0870ea8e9d6e,buyer,Fatima Naqvi,03112518247,,64038-7208678-8,Lahore,9500000,23500000,Johar Town,Kanal,16,rent,OLX,2026-03-25 08:00:19
2536bad2-ee1c-45f6-af1f-e32ef5f48b81,landlord,Rabia Chaudhry,03027658870,03107834478,25841-4696597-5,Lahore,,,,,,,Zameen,2025-12-22 11:02:42
1f58bfaa-6363-4f40-9e80-080a2f8dc08d,buyer,Noreen Baig,03455760517,,54160-4800177-8,Karachi,18500000,25300000,North Nazimabad,Marla,8,buy,Facebook,2026-03-01 16:11:18
308eced6-98f6-4a18-8b43-6c80aea014be,buyer,Mahnoor Satti,03114384102,03014176614,,Lahore,28300000,34000000,Valencia Town,Sq Ft,6,rent,Zameen,2026-01-27 19:43:43
5bc3761e-cbed-4dc0-ab23-8447b5afc87f,landlord,Sohail Akhtar,03218555291,,,Islamabad,,,,,,,Referral,2026-06-13 19:25:27
e9b81b97-4e1e-4580-b7b5-587f77db23ce,tenant,Kashif Baig,03033169117,03333845648,13175-2342194-3,Rawalpindi,18500000,27600000,DHA Rawalpindi,Kanal,14,invest,OLX,2026-05-23 17:04:56
4b0c692b-1232-48a8-a3e4-0304aaa0aecc,buyer,Yasir Bhatti,03104024247,03008787250,,Lahore,25300000,27900000,DHA Lahore,Sq Ft,18,rent,Zameen,2025-10-06 21:10:10
afa45757-705c-4df8-ba86-f802d543f82b,buyer,Hamza Awan,03211587620,03212333303,90718-3590105-4,Lahore,14600000,19800000,Wapda Town,Sq Ft,9,rent,Zameen,2026-03-20 09:55:23
1c4ad09c-c630-4e0d-a728-ec9295f1e320,seller,Faisal Hussain,03111826903,03004127010,16560-3783086-5,Faisalabad,,,,,,sell,WhatsApp,2026-07-16 10:04:34
6e1e340a-ce62-4534-a53f-5079fe706b75,tenant,Asma Malik,03208017619,03027718726,16386-9449441-8,Karachi,9700000,11200000,Gulshan-e-Iqbal,Sq Yd,3,invest,OLX,2025-11-07 12:59:51
7607c9fc-9ea3-4129-8f03-7ef1a1474e2b,seller,Warda Satti,03331841493,03119899670,97718-1618731-6,Lahore,,,,,,sell,Zameen,2026-02-23 20:25:11
87a8554e-ad41-4c95-abec-7991e1e00665,landlord,Waqas Soomro,03113508625,03115767653,,Faisalabad,,,,,,,OLX,2026-01-01 14:22:31
41716455-62dd-4da6-a768-7fa3fe794897,seller,Rizwan Akhtar,03116650827,03454358363,,Rawalpindi,,,,,,sell,OLX,2025-09-17 17:11:52
62e4a077-119f-40d2-9fb5-3935b1d6a4a9,buyer,Rizwan Satti,03451854612,,43206-8876377-6,Karachi,14900000,29400000,DHA Karachi,Marla,7,invest,Zameen,2026-01-20 20:09:54
2aec6e4d-ad27-45a1-90cd-1465fc58aa3f,buyer,Sidra Mirza,03031587859,03108917050,85555-8089039-9,Lahore,14600000,16800000,DHA Lahore,Sq Yd,17,rent,Zameen,2026-04-11 17:32:12
03e1b38d-bd8d-4541-944a-6eebce25705d,seller,Mehwish Satti,03454483842,03018554584,39760-2405497-3,Lahore,,,,,,sell,OLX,2025-10-05 10:00:27
d34b26fb-dbab-46cf-ba79-8192a042c5f6,tenant,Sana Anjum,03112404604,03119873081,,Islamabad,14700000,22100000,F-10,Sq Yd,8,buy,Zameen,2026-01-11 11:50:20
2709c139-44de-4963-8e88-71206c624b58,buyer,Farhan Cheema,03039905512,03338090158,,Rawalpindi,4000000,8000000,DHA Rawalpindi,Kanal,6,rent,Zameen,2026-08-10 14:49:49
9e26de7e-30ef-4250-b1a8-a8219d29938e,buyer,Warda Cheema,03209264010,03456749063,,Islamabad,9200000,16500000,G-10,Marla,9,buy,OLX,2026-07-26 14:31:26
a4113491-9423-4a63-9bc4-4abb9fe646d4,investor,Imran Raza,03455572989,03457791139,51324-2870562-7,Lahore,11100000,22400000,Wapda Town,Sq Yd,16,invest,Referral,2025-11-01 09:41:36
03dc80fc-ebb0-4720-85c4-e48bc7a1d133,investor,Tariq Anjum,03211956579,03004338190,21401-7809913-8,Faisalabad,23700000,28600000,Madina Town,Sq Ft,15,invest,WhatsApp,2026-04-09 17:57:45
1da7cb8b-8d6c-45aa-9de1-ed97c460fd4e,seller,Bushra Anjum,03033050225,03112612558,26556-5836091-8,Karachi,,,,,,sell,OLX,2025-11-29 14:08:37
9c70ab43-3df0-4b8b-8975-e3078be05541,buyer,Maryam Ahmed,03215980569,,67996-1887388-2,Lahore,9900000,14500000,Model Town,Kanal,4,invest,Referral,2026-08-17 21:05:04
a0122a97-4188-4242-b516-7bcf788e1410,buyer,Asma Sheikh,03339571274,03107274154,68293-5183892-7,Lahore,7000000,19800000,Gulberg,Sq Yd,3,buy,WhatsApp,2025-11-21 21:20:17
3da0bde1-e3d1-4ca4-9790-64b0fcf113af,investor,Fahad Mirza,03201008805,03015405872,,Karachi,21700000,33600000,Askari 5,Marla,8,invest,OLX,2025-09-18 11:12:32
f658dcc8-9a2a-4457-8d40-57fd3c440d09,tenant,Waqas Hussain,03458410453,03335446501,21295-1658147-6,Lahore,9600000,14300000,Model Town,Sq Yd,20,rent,Walk-in,2025-09-17 16:19:27
a5404883-ce8a-442d-96e1-e965170067e5,investor,Aamir Satti,03337866797,,,Rawalpindi,8800000,10300000,Bahria Town Rawalpindi,Kanal,8,buy,Referral,2026-07-04 17:59:23
9478f809-1249-4e25-bc84-347ff76a12f5,tenant,Salman Farooq,03333396159,03107501193,71033-6341999-7,Islamabad,4200000,7100000,G-10,Kanal,16,invest,Referral,2026-07-12 19:55:12
309d24fb-e8a3-4c3b-a1b8-0f9cc2ab007c,investor,Mahnoor Akhtar,03208500328,03333437894,,Peshawar,9100000,17500000,University Town,Marla,7,buy,Walk-in,2026-05-19 11:22:59
75ab8466-52cc-4cc8-8a11-01c182f49c40,seller,Mahnoor Warraich,03338390400,03334633598,37603-8507251-8,Lahore,,,,,,sell,Facebook,2025-09-22 19:14:51
1a9d7306-77ed-41ed-8db3-95802444954e,tenant,Asma Awan,03014156403,03206728785,58188-6579157-9,Karachi,6300000,12900000,Clifton,Sq Yd,11,rent,Referral,2026-07-23 21:00:23
9d3a0160-afdd-440b-9b84-0ab9120d762b,seller,Mehwish Farooq,03025023559,03451690608,,Lahore,,,,,,sell,Zameen,2026-06-06 12:00:08
2385e275-3684-4148-a74d-7819e3f7f708,seller,Tahira Iqbal,03026461966,03118746561,23683-7363510-8,Karachi,,,,,,sell,Zameen,2026-07-31 08:25:23
dbd22bd6-fe38-48d8-aa0e-5aa941d02bfb,tenant,Ayesha Baig,03012674055,03002311041,,Faisalabad,13900000,25900000,Wapda City,Marla,8,rent,Zameen,2026-08-12 17:25:24
8fe4b62d-6d27-47d0-acdf-1c680cfea994,tenant,Maryam Baig,03035949177,03021350161,35556-4917713-2,Islamabad,29700000,38300000,F-11,Sq Ft,12,rent,Zameen,2025-08-27 13:33:58
8135c672-fd94-40e9-ad40-bd29a6b39258,buyer,Ali Naqvi,03332808017,03009701211,57068-7369872-4,Faisalabad,11900000,25000000,Jinnah Colony,Sq Yd,11,buy,Zameen,2025-10-11 21:12:24
10e9539a-c7e4-47d0-9d03-a585b2311260,tenant,Amna Sheikh,03034705615,03106481327,64585-2590613-1,Lahore,11300000,14500000,Gulberg,Marla,18,invest,OLX,2026-06-18 08:48:17
5f840f89-4a69-4894-b0b0-89bed617437a,investor,Umer Dar,03032055870,03014898735,43742-6977964-6,Islamabad,20000000,31900000,DHA Islamabad,Sq Yd,3,invest,WhatsApp,2026-08-17 12:37:05
ed18d900-e3a8-4abc-a5ca-659be59f5a3e,buyer,Ayesha Rana,03038374038,03026619429,84175-6125862-1,Islamabad,26300000,30800000,F-11,Marla,20,invest,Walk-in,2026-08-02 17:39:28
9fb0a09a-8f8e-4f91-b614-b5bd6c7e3258,investor,Bushra Sheikh,03022418745,03107557226,,Faisalabad,11800000,24700000,Madina Town,Marla,14,buy,Zameen,2026-04-23 09:51:03
29d2edd9-8cb9-428f-89e6-e97838531b9b,buyer,Waqas Malik,03022688356,03113688462,25832-9596478-7,Karachi,20300000,26200000,Bahria Town Karachi,Marla,19,invest,Referral,2026-03-05 16:02:56
d9980e03-c8de-4bbb-abd5-990c61ba0e3e,buyer,Mahnoor Zaidi,03009093674,03215409573,61722-8462118-6,Lahore,23100000,24600000,Gulberg,Marla,18,buy,Referral,2026-08-05 18:01:35
aabfa6be-98cc-4da9-ab4e-f5fdc2eac792,buyer,Rabia Iqbal,03458133880,03017886365,71591-3072919-6,Sialkot,17500000,25700000,Model Town Sialkot,Marla,19,rent,Zameen,2026-02-15 11:00:35
5d403b31-117f-412f-bfd0-d1191df4dc5c,buyer,Farhan Qureshi,03213028094,,40259-8718220-8,Lahore,4000000,10700000,Wapda Town,Kanal,10,invest,Referral,2025-10-22 18:20:56
3a218b7e-6ef3-4b05-8da7-79c73bf78b34,buyer,Nazia Javed,03028891818,03206032446,79849-3197847-5,Lahore,8200000,19500000,Askari 10,Sq Ft,12,invest,Zameen,2026-08-01 17:41:37
63c8b57a-0608-4c6f-8f41-23fc961f26bd,seller,Tariq Khan,03009284753,03213957301,45534-6946812-5,Karachi,,,,,,sell,Zameen,2026-07-31 20:38:17
809710a0-e147-45d4-9251-429113004867,owner,Saima Abbasi,03012325704,03006621338,14483-8001709-5,Rawalpindi,,,,,,,Zameen,2026-02-08 19:22:52
05f05440-79a2-4d88-bc14-0af3f8f74ff9,seller,Waqas Siddiqui,03012921146,03201217735,46759-6489754-2,Peshawar,,,,,,sell,Zameen,2026-08-11 12:19:19
2315567b-338f-48d5-9314-6d2980c55b97,investor,Mahnoor Awan,03117312709,03006372655,,Islamabad,13300000,20800000,F-10,Kanal,5,invest,WhatsApp,2026-03-16 12:36:31
d39e57e1-c93a-428a-a3ed-58414021e1aa,tenant,Rabia Farooq,03211689189,03112671627,,Islamabad,29700000,42600000,Bahria Town Islamabad,Marla,14,buy,OLX,2026-01-01 10:58:37
50aae858-8adf-4c7a-b90c-66a067190ce8,investor,Asma Akhtar,03212424366,03117568398,44063-2308809-4,Karachi,14700000,27300000,North Nazimabad,Sq Ft,16,buy,OLX,2026-02-21 10:46:39
ce45f080-12d5-44f6-a5f5-81b8a832a676,buyer,Bushra Bhatti,03454691226,03113655074,82706-3108934-4,Karachi,23600000,38500000,Clifton,Sq Ft,10,buy,Zameen,2026-03-18 08:03:13
13d93ed8-fcf5-4c42-8e63-563034fc91ad,investor,Faisal Hussain,03035173827,03001708869,,Gujranwala,25000000,38100000,Satellite Town,Kanal,19,buy,Zameen,2026-01-22 21:54:04
3d78f6bf-fc6f-47ee-a739-67347af2beec,tenant,Bilal Mirza,03003889033,03459523648,,Karachi,5400000,18300000,North Nazimabad,Sq Ft,19,buy,Zameen,2026-07-05 16:03:37
607e16e5-f164-44de-b774-e73c2cb83e4c,buyer,Sobia Butt,03021769778,03023760199,,Multan,20400000,27700000,Bosan Road,Kanal,4,invest,Referral,2026-08-07 19:39:17
e85d1ee9-6f54-4605-83d6-70998e91b84d,buyer,Haris Sheikh,03339610851,03458107149,60997-9436244-1,Karachi,5000000,10900000,Gulshan-e-Iqbal,Kanal,15,buy,OLX,2025-12-22 12:57:36
e07e8865-6aff-41ad-a54f-f3f6624acc53,tenant,Adnan Abbasi,03016570970,03015221564,81521-3030825-1,Lahore,25400000,36700000,Valencia Town,Marla,19,invest,OLX,2026-07-19 18:37:53
7b8ac2ff-8c2d-4f22-8c36-ff73a25c084d,seller,Waqas Raza,03021287709,03038229814,15769-2331393-9,Karachi,,,,,,sell,Zameen,2025-12-19 10:04:34
6584a455-b559-4ac8-8132-03dbb4aed944,seller,Komal Siddiqui,03205454561,03029407298,,Karachi,,,,,,sell,Zameen,2026-03-07 13:48:58
05cc5945-a998-4b31-a545-f55abcad50d8,tenant,Laiba Malik,03119588601,03218861241,,Lahore,12000000,16100000,DHA Lahore,Sq Yd,20,rent,Facebook,2026-04-05 21:31:27
41c2e0d6-ac2c-4264-8f1f-ff80fd3e55b7,investor,Nazia Mirza,03452526533,03212500086,38275-1701613-9,Lahore,24500000,37200000,Johar Town,Marla,18,invest,Zameen,2026-07-17 15:41:30
f1750536-60c6-46f4-93dc-aded92740676,tenant,Asma Gill,03022625079,03029747015,51669-7589659-5,Islamabad,14300000,15800000,Bahria Town Islamabad,Sq Ft,20,buy,WhatsApp,2025-11-19 17:38:21
8b3fddac-e1d8-46d0-b427-e626b71d8547,landlord,Ayesha Awan,03018475051,03031417764,75715-6133808-5,Multan,,,,,,,Referral,2026-01-07 20:51:50
f1f5692f-acf9-4d5f-af17-80a09a6e31dc,landlord,Imran Baig,03205994732,03207471327,,Peshawar,,,,,,,Zameen,2026-04-26 19:35:53
284a4955-3822-42a7-9926-41183887b440,seller,Junaid Niazi,03011177003,03113503517,22453-6521729-4,Lahore,,,,,,sell,OLX,2025-12-25 21:32:22
57cb8e27-9db6-4851-bd6b-ff436acdd921,owner,Tahira Siddiqui,03006573392,,30956-4331056-8,Rawalpindi,,,,,,,OLX,2026-03-26 08:01:03
9388ce4c-a672-4d42-8a98-f2cb66075210,investor,Kamran Satti,03458365020,03023580454,58711-8937293-5,Lahore,9400000,24400000,Valencia Town,Sq Ft,13,invest,Facebook,2026-08-20 15:54:29
e2c83957-0125-4cb9-8d13-e6c489b480ea,seller,Imran Cheema,03037808957,03105277915,,Karachi,,,,,,sell,Zameen,2026-05-05 10:29:58
0f384f25-ba51-4210-971f-81ea25121aff,seller,Kamran Qureshi,03008507107,03203110504,77276-4220732-3,Karachi,,,,,,sell,Facebook,2025-08-29 16:25:29
c4ce179a-37f3-42ad-a6d7-e54b7299ed79,buyer,Rida Cheema,03032494633,03211068579,34227-2797893-5,Karachi,13500000,27900000,DHA Karachi,Kanal,9,invest,OLX,2026-01-30 13:16:10
4cb8e8ea-735a-41e0-a9b4-4a3b99e331dd,buyer,Uzma Warraich,03024443342,03106176862,87489-1910585-6,Lahore,20100000,30300000,Bahria Town Lahore,Sq Yd,17,buy,Facebook,2026-04-08 08:17:42
6d583fe9-651c-43f5-af5d-9a13b99871cd,seller,Iqra Sheikh,03031177676,03205627486,,Rawalpindi,,,,,,sell,Zameen,2025-09-30 16:22:26
c8358a59-6412-4c99-a375-616734fd17e4,buyer,Tahira Ahmed,03006813572,03029347754,23368-7840305-4,Karachi,6000000,17400000,Clifton,Sq Yd,9,invest,Zameen,2025-10-23 14:03:18
b9caad0c-d57d-449d-8593-5f6fffe01f44,landlord,Rizwan Gill,03115682729,03333918726,12837-2188807-8,Islamabad,,,,,,,OLX,2025-09-30 16:27:21
fa3eece3-8414-41ae-93d6-21fbed364973,buyer,Rizwan Hussain,03031684955,,97279-1840311-3,Faisalabad,14000000,20900000,Wapda City,Sq Yd,11,invest,WhatsApp,2025-12-03 11:17:11
0d2b9201-4e15-4ec0-86d6-0ba184df6e44,landlord,Bilal Javed,03212069065,,,Rawalpindi,,,,,,,Facebook,2026-05-23 19:34:23
5eb7e938-ef56-486f-b048-6cc9e28a368b,seller,Anum Butt,03218547591,03026035701,53170-3428926-9,Islamabad,,,,,,sell,Zameen,2025-10-26 16:48:50
2699215e-285a-4602-bf68-f4b743dc44f6,buyer,Sana Ahmed,03031361271,03459518775,,Faisalabad,8700000,21700000,Jinnah Colony,Marla,11,buy,Zameen,2026-07-19 21:08:13
161dae38-4dd8-4afa-be7d-7585940e3d88,buyer,Umer Cheema,03031517385,,,Karachi,23700000,28500000,Bahria Town Karachi,Sq Ft,9,invest,Zameen,2025-10-12 18:48:08
5ab13d8b-c9f8-40d9-bfc7-dc482073e3af,landlord,Aamir Abbasi,03215461115,03119820601,,Lahore,,,,,,,Zameen,2025-09-03 21:24:05
61dbaa97-7107-4a48-988a-df046188b3ff,owner,Saima Cheema,03104692679,03335061434,10563-7897963-7,Karachi,,,,,,,WhatsApp,2026-03-03 09:35:44
2062ef50-ec71-40b4-b008-e91afde5f1fd,buyer,Asma Khan,03032123185,03007432558,,Sialkot,4800000,11900000,Cantt,Sq Yd,16,invest,OLX,2026-01-05 17:57:56
205f0e37-5ba5-4b52-8e7b-a0799efd37df,buyer,Farah Chaudhry,03217435281,03336421889,30612-4672211-5,Lahore,7600000,15000000,Bahria Town Lahore,Kanal,5,invest,Referral,2026-06-07 12:27:41
555261ef-6f38-44ed-9e5d-5f31fc11dd18,tenant,Sohail Chaudhry,03451903740,03119089050,,Islamabad,16000000,18600000,F-10,Kanal,3,buy,Referral,2026-03-21 18:26:17
a99bd1f9-3ae2-4189-be98-c25bd8427422,tenant,Sohail Naqvi,03003732519,03019991839,,Rawalpindi,12700000,16200000,Askari 14,Sq Yd,20,buy,OLX,2026-08-20 13:34:51
85642ae1-496f-4caa-b2ee-d3cb1b4bf499,investor,Tariq Ahmed,03008790099,03001005050,,Rawalpindi,11100000,19600000,Chaklala Scheme 3,Marla,19,buy,Zameen,2026-07-10 19:20:21
2d02203d-ee84-4999-b253-4ad231654094,buyer,Zeeshan Farooq,03022185750,03023513515,,Karachi,27300000,28700000,Bahria Town Karachi,Kanal,11,invest,Facebook,2026-08-14 15:04:19
e87ebd42-f2b1-4b35-92cf-a1d431563074,landlord,Nazia Bhatti,03334390552,,65207-2988696-3,Karachi,,,,,,,Facebook,2026-08-02 20:13:55
dcfccdab-1b95-41a9-bb2c-cad2723b2602,buyer,Kamran Rana,03013553521,03457314948,39980-9183446-7,Rawalpindi,9700000,15600000,Chaklala Scheme 3,Marla,5,buy,Zameen,2026-03-06 21:45:14
81ef4c20-3df9-4680-b8a9-e26140949bd6,seller,Bushra Butt,03112877726,03001278021,,Islamabad,,,,,,sell,Facebook,2026-06-08 13:59:38
df4c1468-d324-4142-b50a-6463f6d862e8,investor,Farah Mirza,03338215038,03119386190,12130-1711328-6,Lahore,18500000,26100000,Gulberg,Sq Yd,13,buy,WhatsApp,2026-08-20 19:03:30
58cdba22-56f9-4092-85fc-6bfab33215bf,seller,Fatima Sheikh,03105002608,03119021128,69818-6475145-7,Lahore,,,,,,sell,Zameen,2026-02-24 15:28:08
d5f93c22-3daf-4928-98da-a22aeafe83c5,buyer,Shoaib Siddiqui,03111407363,03015840674,55984-1596695-9,Karachi,3200000,15200000,DHA Karachi,Sq Ft,17,invest,OLX,2026-02-22 08:07:15
8fc260f5-7f39-4816-84cf-f5aef26f6c9c,investor,Sohail Butt,03032736902,03334516058,51881-8007270-8,Karachi,10300000,18800000,Bahria Town Karachi,Sq Yd,11,rent,OLX,2026-07-26 16:20:59
082176b0-ddeb-417f-8439-e7cb5d4a3387,buyer,Sobia Rana,03017608742,03339447726,,Lahore,17000000,21300000,DHA Lahore,Marla,16,rent,Zameen,2026-08-05 18:27:42
e2ccf0cc-45e2-4dd8-a365-9adb43fe94b8,seller,Yasir Ahmed,03005685873,03028323915,52268-2360850-8,Lahore,,,,,,sell,Referral,2026-03-06 14:55:21
31ac9efc-581e-4ab8-8b35-98d0f7a58ad0,buyer,Salman Butt,03331523436,03012942753,,Karachi,26800000,31200000,North Nazimabad,Sq Yd,3,invest,Zameen,2026-06-17 16:47:53
1bd7c814-8fd3-4465-8bf6-79b86ab45e16,tenant,Hira Akhtar,03338041139,03333974149,18596-3757405-8,Lahore,4400000,8900000,Askari 10,Sq Ft,13,rent,Zameen,2025-10-27 16:08:06
0ed8001b-485f-437d-80e2-f976bd36e97a,tenant,Kamran Anjum,03033923109,03336757729,,Karachi,25700000,27400000,Gulshan-e-Iqbal,Marla,14,invest,Zameen,2026-01-31 18:43:26
abfc0903-425d-450f-835a-b8735cba4128,seller,Waqas Soomro,03002997382,03007988567,69884-3638567-7,Rawalpindi,,,,,,sell,OLX,2026-07-16 08:51:35
5f819692-3ccd-4d58-a234-315ccbb021ca,tenant,Bilal Naqvi,03035767898,03204902122,,Lahore,10000000,22600000,Valencia Town,Marla,3,buy,Zameen,2026-05-25 17:05:02
b78f0dff-c2f6-4cae-b8d8-ebe6eb0a0d2b,tenant,Bilal Siddiqui,03034690632,,,Lahore,9900000,24700000,Bahria Town Lahore,Kanal,3,invest,Referral,2026-08-18 20:25:12
7b1556dd-bc1a-48bb-9cf2-a7134c1b9bc8,seller,Yasir Bhatti,03003340369,03219673121,47728-4759335-1,Karachi,,,,,,sell,WhatsApp,2026-04-29 09:57:57
7896e378-6570-42c4-a075-268b19ba0eb9,buyer,Kashif Siddiqui,03201627483,03216559260,,Lahore,27600000,41000000,DHA Lahore,Sq Yd,17,invest,OLX,2026-04-13 20:24:22
68c1134a-8cb6-4615-96af-5d39df15eb91,seller,Bushra Rana,03016225114,03008882774,,Karachi,,,,,,sell,Zameen,2025-12-16 15:16:22
fd57ff14-3318-401b-98d0-2c7a5bc5825b,landlord,Ali Raza,03015623715,03034484125,24796-6355675-6,Faisalabad,,,,,,,OLX,2026-01-25 10:26:43
00a6bb40-c6a2-4af5-9f6d-8ac6ea2ac4f3,tenant,Junaid Niazi,03016238113,03105268497,53774-5968442-5,Karachi,4000000,13300000,Bahria Town Karachi,Sq Yd,19,rent,OLX,2026-05-06 19:12:01
6a874d33-1f08-41ae-829b-211c77da582e,buyer,Tariq Satti,03211785758,03014686762,51508-5348993-5,Sialkot,19400000,23900000,Model Town Sialkot,Sq Yd,10,invest,Zameen,2026-01-30 15:43:39
046c9f09-9c56-4cff-9acd-375a4ce53b7c,tenant,Fahad Sheikh,03216802311,03103417392,,Lahore,25000000,33200000,Gulberg,Kanal,14,buy,Referral,2026-05-31 18:11:20
9f12d1b3-dd5c-42b6-8005-26d46dc0e9e1,tenant,Junaid Baig,03038113966,03004272124,65869-2103295-3,Lahore,29900000,44000000,Valencia Town,Sq Yd,10,buy,OLX,2026-06-07 16:23:00
23c64bca-a28c-400b-b4c5-30acf428fbbb,tenant,Rizwan Gill,03119682754,03029218658,,Islamabad,9000000,18400000,Bahria Town Islamabad,Kanal,18,invest,WhatsApp,2026-04-21 14:10:09
1e75d18c-6d99-4dab-83f8-64987a1d8b62,buyer,Yasir Naqvi,03107453755,03034207661,89147-4528511-3,Islamabad,28000000,35800000,F-11,Sq Ft,16,rent,WhatsApp,2026-05-31 14:18:56
8ed46ba7-ac13-4e0d-8ec0-4ada87ea2914,investor,Nadeem Dar,03039375892,,,Lahore,14800000,16200000,Gulberg,Sq Ft,7,invest,WhatsApp,2026-05-13 13:59:46
c5fe6eb0-c8c5-4abe-8f4c-bced0bdddfda,tenant,Sadia Bhatti,03034391849,03038101374,93238-1393920-5,Rawalpindi,6900000,21600000,DHA Rawalpindi,Sq Ft,8,invest,Referral,2025-09-04 09:01:56
d9a1e3a7-0f75-4f15-8275-4a17b304822b,buyer,Faisal Cheema,03026708559,03118628442,69938-2572145-8,Lahore,19000000,21900000,Askari 10,Sq Yd,19,rent,OLX,2026-06-20 13:15:45
def1c8e0-fd3f-47bd-bb3a-24053ab9f7f8,buyer,Imran Butt,03104026464,03335239586,77525-8973249-7,Karachi,22500000,26000000,DHA Karachi,Sq Yd,13,invest,Facebook,2025-11-09 12:42:44
4e7cd099-a594-4488-8602-5dae714cb147,buyer,Anum Niazi,03031465080,,49448-4517315-2,Lahore,14400000,18400000,Valencia Town,Sq Ft,20,buy,Zameen,2025-09-26 10:50:23
984b1008-8cc5-425c-a195-8fe81ff3cfd3,tenant,Salman Satti,03024110286,03456979712,,Lahore,21000000,32100000,Bahria Town Lahore,Marla,13,rent,WhatsApp,2026-01-10 13:37:18
de10ac81-8905-4846-9b6c-f797561aedaa,buyer,Kamran Iqbal,03033638624,03338935654,,Gujranwala,24900000,27200000,Satellite Town,Kanal,7,buy,Zameen,2026-03-11 20:35:05
e0cb3c37-240c-49ca-8139-f176a67c67e8,seller,Adnan Warraich,03118612713,,69346-5952662-3,Karachi,,,,,,sell,Zameen,2026-08-14 14:03:53
e5298de4-68c3-405c-a321-53a4541b902b,seller,Sana Iqbal,03012286735,,32400-2838490-9,Karachi,,,,,,sell,Facebook,2026-08-19 14:28:09
923a45ac-7e45-45fd-90e9-599f61cd877e,investor,Tahira Abbasi,03104677893,03118907452,90533-3078560-9,Karachi,3000000,14000000,Gulshan-e-Iqbal,Sq Ft,11,buy,Referral,2026-01-12 12:45:29
6d42ec1c-3c97-4aa4-af73-e035b02d71f7,seller,Tahira Anjum,03117048554,03113140119,,Karachi,,,,,,sell,Facebook,2026-06-30 15:28:09
6025252f-cbf9-4ca9-a7b5-0826112cd6b2,buyer,Mahnoor Gill,03335577478,03119608332,,Karachi,13400000,15500000,Gulshan-e-Iqbal,Kanal,7,buy,OLX,2025-11-24 17:35:45
afb81986-34ec-4ece-a3d6-9e993050cbe7,tenant,Zara Soomro,03022141810,03455155764,84035-7154571-5,Multan,24500000,27000000,Gulgasht Colony,Sq Ft,13,buy,Zameen,2025-09-04 13:28:55
630e4eaa-65f0-4c25-b4ad-bae51688594c,investor,Sobia Butt,03457023093,03336432738,,Lahore,15500000,25000000,DHA Lahore,Marla,13,buy,WhatsApp,2026-04-20 11:33:47
5d10ca2f-eeb2-4e5f-a9d4-238b32bc164a,investor,Naveed Soomro,03214527500,03217847511,,Peshawar,8000000,20400000,University Town,Kanal,4,buy,OLX,2025-10-28 18:42:08
c97f944d-e84d-43e5-b501-6a28d24d3fe4,tenant,Sobia Farooq,03037815828,,59462-6482837-2,Lahore,11200000,15400000,Model Town,Kanal,19,rent,Zameen,2026-08-13 10:25:21
7a246093-a2e3-47d8-951a-cc6c368dbbef,seller,Shahzad Gill,03209743282,03017120874,,Lahore,,,,,,sell,OLX,2026-08-09 19:41:37
b3888de4-d884-463a-b363-fcda87b12492,investor,Zara Farooq,03019259858,03028695446,,Rawalpindi,5600000,6600000,Askari 14,Marla,14,invest,Zameen,2026-08-03 11:41:37
6381e882-57d9-498e-8a12-1d3204c12836,buyer,Naveed Chaudhry,03333702270,03023656579,73371-6856294-9,Islamabad,23500000,30500000,G-11,Sq Yd,9,buy,OLX,2026-06-13 08:09:58
b4546c01-8ec9-4c06-8063-df5aa9cf294a,tenant,Saad Hussain,03452013077,03002654416,13516-3130754-6,Karachi,3700000,14900000,Bahria Town Karachi,Sq Yd,17,buy,WhatsApp,2026-06-02 18:52:02
7b024a7e-9394-45a0-a22f-e82ca9ff3ee3,tenant,Naveed Iqbal,03335868099,03112622909,61547-1141481-5,Islamabad,13300000,26900000,F-10,Marla,9,buy,Facebook,2026-08-08 16:08:54
688353da-55cd-40c5-8169-f1cede186153,tenant,Mahnoor Qureshi,03211082531,03204086202,,Lahore,10600000,12500000,Bahria Town Lahore,Sq Yd,20,invest,Zameen,2026-06-10 21:52:51
c9900f0f-640e-4ba1-93ce-f9e2f5c1b534,seller,Waqas Bhatti,03452259471,03454851384,,Lahore,,,,,,sell,OLX,2026-03-31 18:03:15
47c07b62-a727-4b03-b9f0-4330e0134d6c,buyer,Asad Farooq,03214429611,03008096566,54611-7601283-5,Faisalabad,25400000,37100000,Jinnah Colony,Marla,10,invest,Referral,2025-12-21 11:45:57
82f008f2-990a-4326-961f-49c5cb39d08e,buyer,Fahad Hussain,03005880796,03017837622,,Islamabad,19100000,23500000,Bani Gala,Kanal,8,buy,Zameen,2026-08-08 15:02:10
fcd82052-8c6e-4428-8293-485f2f853202,buyer,Umer Satti,03331298380,03457692219,,Rawalpindi,13500000,14700000,Chaklala Scheme 3,Sq Ft,15,rent,WhatsApp,2026-05-08 15:09:30
fb18cde6-e16a-4dcb-8a7b-a12a172d6d02,buyer,Amna Ahmed,03337993690,03022059223,,Lahore,26400000,35700000,Model Town,Kanal,11,buy,Facebook,2025-12-25 10:48:37
6da18e49-b6c1-45b6-a1b6-51a6e220afbc,buyer,Usman Soomro,03023461081,03213504582,,Karachi,24700000,38300000,Askari 5,Sq Yd,19,invest,Facebook,2026-05-09 21:57:03
1b33e30f-707c-459c-b2f6-9bd3a07f2c20,investor,Tariq Ahmed,03457317609,03014884942,51027-4286671-2,Rawalpindi,13800000,28500000,Chaklala Scheme 3,Kanal,14,rent,OLX,2026-07-06 21:22:44
726e4e7b-205e-4802-bda0-52861ba13535,tenant,Yasir Zaidi,03116788266,03339417732,,Karachi,17700000,22100000,Bahria Town Karachi,Sq Yd,10,rent,Zameen,2025-12-06 09:03:50
ab6bb2de-6848-4a6c-a092-3b70c005a8d5,seller,Waqas Khan,03114179874,03031021593,,Lahore,,,,,,sell,Zameen,2025-10-03 13:45:48
25b7ce89-a32d-4daa-ac33-702040990ce2,tenant,Iqra Siddiqui,03454977134,03034995689,14261-9780437-8,Karachi,6100000,7800000,Clifton,Kanal,8,buy,Zameen,2026-04-11 16:00:59
b052c1ae-5524-4b8f-b6d5-7be009675a06,tenant,Shahzad Javed,03014182763,03038146991,,Gujranwala,8000000,16700000,Satellite Town,Sq Yd,12,invest,Facebook,2025-11-16 13:44:28
235ec73d-af34-42ee-b835-6b12c7dbec8f,landlord,Iqra Qureshi,03005943242,,47200-6488003-6,Faisalabad,,,,,,,Zameen,2026-06-21 14:57:02
db7b94c5-0e36-45e6-af18-8b1985f8c6dd,buyer,Shoaib Iqbal,03011750968,03106014890,91778-2083791-9,Rawalpindi,20600000,25300000,Chaklala Scheme 3,Marla,4,invest,OLX,2026-07-20 13:03:43
8fe1c6ad-1ea3-4320-9215-0ebbfb3b67b0,landlord,Uzma Soomro,03023301647,03458992524,35295-2940299-7,Lahore,,,,,,,Walk-in,2026-05-15 13:10:55
5967db36-0ae3-4377-8b5a-edef7767387b,buyer,Uzma Qureshi,03007375561,03023135166,85946-3648038-6,Lahore,20900000,33400000,Johar Town,Sq Yd,18,buy,Zameen,2026-07-03 19:19:42
1f039b30-29f4-47c5-b425-d6d95b3f619d,buyer,Asma Qureshi,03115384981,03454448983,44685-5243866-9,Islamabad,21100000,29500000,G-10,Kanal,3,invest,Zameen,2026-08-14 11:18:52
9e7f2f0a-3320-4cf1-a88f-48e2c51571b1,buyer,Sundas Naqvi,03454619575,03336933706,,Gujranwala,18700000,33700000,Model Town Gujranwala,Sq Ft,6,buy,Referral,2026-08-01 15:26:30
1cb41ca6-a148-40b5-a04a-b5d3b49f1483,seller,Bilal Niazi,03014282277,03105472769,32739-4299195-6,Islamabad,,,,,,sell,Zameen,2026-02-22 21:37:15
49489c37-5299-4b07-bd12-a8eaac34907b,buyer,Bilal Bhatti,03001489631,03002509472,54043-4684431-2,Karachi,18800000,27900000,Clifton,Sq Yd,7,invest,OLX,2026-02-26 15:53:39
481a75d6-34a3-43f5-8107-57004b55fd3a,seller,Umer Farooq,03332060350,,30641-3219133-3,Gujranwala,,,,,,sell,Zameen,2026-01-29 19:26:19
d2c4ad25-ed69-4e99-82cd-0e49ab1feec9,seller,Saad Niazi,03105387403,03013821097,,Lahore,,,,,,sell,Zameen,2026-01-26 12:23:38
6b06eac3-0fc0-4010-adfc-f18990635f70,seller,Amna Rana,03011868773,03203717561,,Lahore,,,,,,sell,OLX,2026-06-28 21:41:31
6e69897d-9648-4aca-86cc-ed1fb82af7fc,investor,Yasir Gill,03035778193,03039830088,14037-1236102-8,Karachi,10700000,12100000,Askari 5,Sq Ft,9,rent,Zameen,2026-08-17 15:16:09
6c75b565-ca97-4ecd-a75d-d0e97b94bab1,seller,Sidra Mirza,03332069480,03116162760,60832-4562800-1,Lahore,,,,,,sell,Zameen,2026-08-16 14:35:58
912190e0-9fd8-48a8-909f-4d9ed154ac00,buyer,Zeeshan Naqvi,03031919032,03453134610,19679-5543789-7,Lahore,12000000,21000000,Valencia Town,Marla,17,rent,Referral,2025-11-16 19:44:47
613f6827-4baa-4fe1-b737-31d9ae21b0f4,buyer,Hamza Akhtar,03205321867,03032440353,,Islamabad,21200000,36200000,F-10,Kanal,5,rent,Zameen,2026-08-12 10:00:42
0cba346a-36a3-4404-82db-1ade6614e836,buyer,Shahzad Mirza,03016273677,03027964819,17147-3430235-5,Islamabad,14200000,20400000,Bahria Town Islamabad,Marla,4,invest,Walk-in,2026-03-27 15:26:57
10b71a26-5474-4a4b-9dde-f554e735ef7e,seller,Zeeshan Raza,03018637389,03112213963,49348-4400063-2,Rawalpindi,,,,,,sell,OLX,2026-07-23 12:42:47
5ed73f49-ca3e-477f-9674-9e3edaccbd5d,investor,Rida Gill,03203546693,,,Karachi,24300000,30800000,Clifton,Sq Yd,5,buy,OLX,2026-04-15 19:07:56
7f242e71-eb7f-40b7-abce-217b9893b837,buyer,Yasir Gill,03213721371,03013280855,84746-7853329-1,Islamabad,23700000,36700000,DHA Islamabad,Marla,14,rent,Referral,2026-02-02 16:50:47
c15159ee-1f12-4878-8934-fc104d5e297f,tenant,Tahira Abbasi,03457980334,03114152915,,Lahore,25800000,29300000,Bahria Town Lahore,Kanal,20,invest,Referral,2026-06-23 09:59:57
2092f2e8-8f6f-44e2-9a9c-18f0f52a0685,tenant,Faisal Cheema,03039710337,,11263-4968795-8,Lahore,3700000,10400000,Bahria Town Lahore,Marla,4,rent,WhatsApp,2026-06-22 16:26:12
aac20d8b-f1bd-4cb2-925e-ec612b79d084,buyer,Umer Warraich,03213235900,03334518952,79661-1755136-1,Lahore,11900000,20100000,Wapda Town,Marla,10,buy,OLX,2026-05-02 12:49:33
dad0b2dd-a6a9-44f6-bc23-00ce1fa459ee,buyer,Komal Sheikh,03216569662,03014024342,,Rawalpindi,22900000,32000000,Bahria Town Rawalpindi,Sq Yd,7,rent,Zameen,2026-03-22 17:38:27
64189efb-3125-4083-85a8-d52963f80093,tenant,Tahira Akhtar,03337872276,03452877705,41723-7995555-2,Gujranwala,22200000,35600000,Model Town Gujranwala,Marla,9,invest,Zameen,2026-06-09 21:14:10
7f0903e3-8a57-462e-b106-ef843899406d,buyer,Haris Raza,03459878872,03029314758,22356-1155690-6,Islamabad,15800000,30100000,G-10,Sq Yd,14,invest,OLX,2026-06-05 10:39:58
a3f8cd3e-4f75-4e46-8eec-3b1c8e72f22b,landlord,Uzma Rana,03207867010,,86773-7854115-8,Lahore,,,,,,,Facebook,2026-08-11 12:42:04
5f0dc48e-ba0b-472b-b9c4-dad6a87eab49,buyer,Kashif Khan,03107979343,03336460619,87071-4215527-7,Islamabad,24200000,27500000,DHA Islamabad,Kanal,11,buy,Zameen,2026-08-12 13:49:36
fabbb31b-5ed8-4e29-be5f-094c6431b1b9,seller,Laiba Niazi,03009527186,03103360836,25293-7011638-3,Faisalabad,,,,,,sell,WhatsApp,2026-03-30 19:47:42
4bd62205-81cc-458d-a304-141bcb1ca311,buyer,Junaid Qureshi,03006391085,03114349921,,Islamabad,17000000,30300000,F-10,Kanal,12,buy,OLX,2026-05-20 12:18:45
12261aa4-0cb7-4934-8deb-6e0d15e6c1ab,seller,Ahmed Niazi,03036237296,03104861910,,Karachi,,,,,,sell,OLX,2026-05-09 21:01:04
85393a3f-8f47-4a2a-a837-385491bc6106,tenant,Fahad Zaidi,03203263869,03002987548,,Lahore,7200000,13400000,Valencia Town,Kanal,8,rent,Zameen,2026-07-05 18:13:57
e3c0bda7-32f3-4dbf-a892-6da9393529a4,buyer,Zeeshan Niazi,03016254908,03209943704,89685-2293890-6,Lahore,17000000,30900000,DHA Lahore,Kanal,13,invest,Zameen,2026-05-31 14:19:55
7642f473-b6f9-41ed-8ad7-65bd7e13ce72,landlord,Usman Malik,03104207730,03335197704,41825-4679328-6,Lahore,,,,,,,OLX,2025-10-12 09:52:35
f00b55d9-a48d-44b3-9e93-3ee287b36674,landlord,Nadeem Hussain,03457688985,03001281989,22434-2234296-1,Karachi,,,,,,,OLX,2026-02-15 08:46:43
d188059e-b850-43b9-9a1a-f72a12b9c55a,buyer,Tariq Naqvi,03206897991,03006301119,12443-7405965-1,Karachi,18500000,25600000,Askari 5,Sq Ft,3,buy,Zameen,2026-08-07 18:35:29
9a817c2f-26eb-4491-8f19-02794f1aac6a,owner,Tahira Iqbal,03108233977,03025649599,,Karachi,,,,,,,Zameen,2026-07-23 12:30:32
641d2093-c6fa-4131-9dfc-2037fd4fb3ef,investor,Laiba Zaidi,03457823550,03211067982,,Lahore,28200000,33100000,Bahria Town Lahore,Kanal,9,buy,Referral,2025-09-07 18:31:07
783c5ed7-5b63-4973-81c6-b01965a20a16,buyer,Shahzad Mirza,03206700674,,,Lahore,18000000,25900000,Model Town,Sq Ft,19,rent,Zameen,2026-02-06 19:05:11
9197d330-ccab-41e5-95aa-7b4a7abaf35f,buyer,Shazia Raza,03035790485,03119340827,,Karachi,26000000,36300000,North Nazimabad,Marla,7,rent,Zameen,2026-03-13 21:35:12
c49498b5-57ae-4649-a922-254e8678ed36,buyer,Fatima Dar,03115759825,03214163796,56235-5851012-1,Multan,26400000,37800000,Bosan Road,Kanal,19,buy,Referral,2026-01-08 12:36:41
b9590cba-4d3e-4067-80d3-735148f04121,seller,Ayesha Dar,03005417367,03218823782,,Karachi,,,,,,sell,OLX,2026-03-05 13:06:30
38cfcc7e-a556-4f17-95f4-0df660349a56,landlord,Asad Zaidi,03105405798,03008230379,,Karachi,,,,,,,OLX,2026-04-12 21:11:08
0d21bcdf-2790-4d82-9779-fc0d6b27de60,tenant,Aamir Hussain,03205269167,03331789291,35472-5809437-7,Rawalpindi,24800000,30300000,Askari 14,Kanal,12,invest,OLX,2026-01-21 12:03:00
3525309a-25c5-4e52-be56-ce9fdb28107b,tenant,Imran Zaidi,03006316959,03339618225,78869-3521787-3,Karachi,15000000,20000000,Clifton,Marla,11,buy,Zameen,2025-12-25 09:32:35
41a2ca71-7e81-47ec-b3c9-1777703689bb,buyer,Adnan Hussain,03115342358,03025172053,,Lahore,18200000,22000000,Valencia Town,Sq Ft,6,buy,Zameen,2026-05-05 14:41:28
2987c010-8a57-4edc-a31e-c86612058af5,buyer,Asad Rana,03212078393,03037315761,,Karachi,8400000,9600000,DHA Karachi,Marla,19,rent,Zameen,2025-10-05 18:33:19
574ecc76-46e0-41a7-9d34-81a625fb0aae,seller,Ali Rana,03015838557,,,Peshawar,,,,,,sell,Referral,2026-08-17 20:47:04
a84f27c6-4917-4d82-b60c-f504c5646e1c,buyer,Iqra Qureshi,03454433828,03008463514,,Lahore,23600000,32500000,Wapda Town,Marla,19,rent,Facebook,2025-09-27 15:05:33
12359d84-2017-43a9-98c6-a1be951347f3,seller,Mehwish Naqvi,03027504785,03015000061,,Karachi,,,,,,sell,Facebook,2026-08-19 20:01:35
41336307-6123-4e5e-a27c-4e040f425040,seller,Fahad Siddiqui,03206334514,03015954437,17339-7468298-9,Rawalpindi,,,,,,sell,OLX,2026-04-04 08:52:08
f629c795-c7d0-47aa-8857-dcf1b35717a1,investor,Sundas Niazi,03119592770,03032764827,,Faisalabad,14000000,17100000,Jinnah Colony,Sq Ft,8,rent,Zameen,2026-04-28 09:46:19
85d300b4-6a7f-4ea8-9400-f7819b698026,buyer,Waqas Akhtar,03202531945,03005154963,,Multan,11500000,18100000,Gulgasht Colony,Kanal,18,rent,OLX,2026-01-07 19:00:15
f406e8fe-5803-4186-a352-a2397c5802d7,buyer,Ali Warraich,03103237154,03336084731,29675-5464465-4,Peshawar,22000000,32100000,Hayatabad,Sq Yd,18,buy,Zameen,2026-05-20 14:11:50
2d527ba8-d00e-46c9-90bd-8f9c9446afe2,owner,Sobia Butt,03022860288,,31445-6984891-4,Karachi,,,,,,,WhatsApp,2025-11-21 19:18:36
15c867a2-cae3-4df4-81f3-c6bc4ceb1548,seller,Sana Anjum,03008180644,03205965051,15000-2801464-7,Rawalpindi,,,,,,sell,Walk-in,2025-12-28 09:29:52
b58a7748-40b5-441b-bb3c-c2cabc6077ed,buyer,Rabia Mirza,03339032644,,19839-6878087-9,Islamabad,26100000,40300000,Bahria Town Islamabad,Sq Yd,14,invest,OLX,2026-03-06 13:03:11
f3ef45be-2390-4f57-8cbc-4c0318f43a3e,buyer,Sundas Khan,03331741035,03211568498,24074-9494705-8,Karachi,23600000,24800000,Askari 5,Sq Yd,9,buy,Referral,2026-06-28 17:20:37
72bcef9e-52a4-499f-805d-46477f8c1228,buyer,Tahira Dar,03208603697,03031348166,,Lahore,16900000,20000000,Model Town,Kanal,3,invest,Zameen,2025-11-15 09:11:51
072594fd-9ae5-4aac-8c50-13a75e117fa2,landlord,Zeeshan Butt,03031150302,03116979149,93517-7946164-1,Karachi,,,,,,,Facebook,2026-08-18 17:53:32
2d3569bd-5481-42a4-9668-4d7a287b80ce,buyer,Naveed Mirza,03338105129,03112726407,76686-7769272-2,Lahore,3300000,6200000,Model Town,Kanal,11,invest,Walk-in,2026-08-18 21:23:36
bac88e09-33e9-42f6-81c4-c17ac5fa6ba4,buyer,Shazia Hussain,03038677430,,,Peshawar,21100000,29300000,DHA Peshawar,Kanal,12,rent,Facebook,2026-04-16 20:14:35
e482b09e-9557-4bf7-acfc-2c661e9c9130,seller,Sohail Ahmed,03332242785,03214435350,21396-2170465-6,Lahore,,,,,,sell,Zameen,2026-03-20 14:27:18
8e923893-a726-438a-9bae-65c508f4bc8d,seller,Sadia Awan,03003065666,03108244106,10386-5437459-1,Karachi,,,,,,sell,OLX,2026-08-10 08:56:14
57bdb1b0-6420-495d-b7a9-97995b679704,tenant,Hamza Iqbal,03028718615,03217372144,83861-1396945-5,Faisalabad,18300000,28500000,Madina Town,Sq Yd,18,rent,WhatsApp,2025-12-07 12:12:33
afe912cc-8dee-4362-b382-2a793433a238,investor,Bilal Chaudhry,03106497535,03101149336,,Islamabad,5600000,20200000,G-11,Sq Ft,12,invest,WhatsApp,2026-02-15 09:17:35
b1270d32-b002-4a0c-9560-56cd2990828b,buyer,Naveed Qureshi,03107159341,03039949133,,Karachi,26900000,36300000,DHA Karachi,Sq Ft,20,invest,Zameen,2026-03-06 20:21:41
7a55dd82-8a29-4472-b2c1-87288776f031,buyer,Sundas Qureshi,03027685865,03024736976,90397-2624169-4,Karachi,6400000,10400000,PECHS,Kanal,15,rent,Zameen,2026-03-30 12:12:58
9cd1de60-c669-448b-a5dd-feb3704c4765,buyer,Shahzad Hussain,03002748173,,,Rawalpindi,7300000,8800000,DHA Rawalpindi,Sq Yd,15,invest,Facebook,2026-06-01 17:10:28
32aed872-087f-48ae-9335-3328bce35059,seller,Faisal Butt,03031198815,03015649027,16641-6459519-1,Lahore,,,,,,sell,Zameen,2025-08-25 08:42:03
736a435d-141a-4aa2-8661-c5f443e4ad45,seller,Zara Akhtar,03006431344,03455582398,,Multan,,,,,,sell,OLX,2025-09-23 08:43:00
f760bf08-7e3e-471d-a16f-d20d544d5c99,tenant,Sana Siddiqui,03456213186,03108000722,66933-3216054-2,Lahore,20000000,26200000,Bahria Town Lahore,Marla,11,rent,Zameen,2026-08-11 17:11:23
e7c5092a-0242-4241-b814-74711a5e6d5b,tenant,Ali Khan,03101036344,03004225684,19832-4310399-9,Karachi,8400000,16700000,Bahria Town Karachi,Marla,18,rent,Facebook,2025-11-07 20:06:01
3ef861a5-0c79-4a01-a062-ba18dba2dde3,buyer,Sadia Butt,03116920535,03336311047,,Islamabad,21400000,25800000,F-10,Marla,5,invest,Zameen,2026-06-28 16:34:36
79d136be-01af-4c7f-99fd-15411591f9de,tenant,Asma Chaudhry,03107746840,03115041088,,Islamabad,7200000,15700000,DHA Islamabad,Marla,10,invest,OLX,2026-02-02 09:49:10
6e8ffd8f-58fd-45db-8a6c-9ea526ccacf5,buyer,Mehwish Mirza,03014726564,,69178-1007419-1,Peshawar,8100000,10500000,University Town,Sq Yd,14,invest,Facebook,2026-02-16 20:54:24
0e138ae8-146b-490e-8b59-bcd3862ea147,tenant,Maryam Anjum,03332394621,03012148436,96914-5312363-4,Lahore,22300000,28600000,Bahria Town Lahore,Kanal,8,invest,Facebook,2026-06-30 21:53:30
4f8618c4-e393-4c98-bf1c-12477f9fa703,buyer,Rida Niazi,03209749755,03021738484,,Lahore,18300000,27300000,Bahria Town Lahore,Kanal,3,invest,Walk-in,2026-04-27 17:34:02
82bf1629-9333-4bdb-8deb-13b99bebbff2,buyer,Sundas Khan,03112451102,03208602365,,Peshawar,13100000,22000000,University Town,Sq Yd,20,buy,Zameen,2026-01-24 10:55:41
96091aed-ce19-4173-bfde-399a8635af47,buyer,Fatima Iqbal,03017249602,03105839423,,Faisalabad,26000000,30300000,Wapda City,Sq Ft,7,buy,WhatsApp,2025-10-27 14:03:40
5f524cbd-d0b8-4708-822c-197b542f65e2,seller,Tahira Farooq,03119220365,03111927686,34967-5005470-1,Lahore,,,,,,sell,OLX,2025-08-23 12:29:18
cfca5bbc-d0f1-4f5a-b8cc-7442511c8684,landlord,Rizwan Sheikh,03201406415,03118618967,89001-1516024-5,Lahore,,,,,,,Facebook,2026-01-18 13:38:42
f975b7cd-5481-4c2b-95ea-07e51d6250a1,buyer,Saad Siddiqui,03014541455,03112557669,38597-7703896-6,Rawalpindi,3400000,11800000,DHA Rawalpindi,Marla,9,invest,Zameen,2025-10-07 14:23:20
0fc8bfa8-c75e-4398-bfd5-11132ff5c2d9,tenant,Shoaib Siddiqui,03114517770,03021910202,93311-4107355-2,Multan,17500000,18900000,Model Town Multan,Kanal,12,invest,Zameen,2025-09-23 19:21:52
65756269-0eed-40c1-adce-edc85e5694f7,buyer,Shoaib Qureshi,03024481836,03036545298,42408-9749400-7,Islamabad,17500000,29400000,Bani Gala,Marla,5,rent,OLX,2025-10-08 08:11:02
fed18eb7-fc1f-4a5f-8d4b-d9b6fcd70cf7,buyer,Rabia Zaidi,03337686595,03003956959,68120-5372604-7,Karachi,26900000,37700000,North Nazimabad,Marla,5,buy,Zameen,2026-07-02 09:15:17
886db4e8-db18-48f9-acf1-e697db469814,landlord,Sadia Chaudhry,03206045573,03032964962,,Karachi,,,,,,,Zameen,2026-06-21 08:24:33
5b569579-ef16-4f26-99c7-d56b6bac8df1,buyer,Saad Baig,03215354081,,,Lahore,29200000,39700000,Bahria Town Lahore,Kanal,7,rent,Zameen,2026-08-20 13:23:56
4b643f39-4e28-4c6b-a4f1-09ca008dd74e,buyer,Tariq Anjum,03104198268,,17489-2678171-8,Lahore,13300000,22700000,Gulberg,Marla,4,buy,Zameen,2026-03-10 10:08:48
8d299bba-5e86-4fa5-afab-d22bb1e31313,buyer,Tariq Siddiqui,03218194024,03213390299,,Lahore,4900000,16500000,Valencia Town,Sq Ft,19,buy,Zameen,2026-03-06 09:01:35
fd5d42b0-51a9-41b6-ab88-5ddc4ce05f37,buyer,Junaid Abbasi,03005827038,03213133046,61753-3845305-7,Islamabad,29800000,44700000,F-11,Marla,10,buy,WhatsApp,2026-03-09 11:54:06
15e7f427-e97a-4951-a682-48a1558a1357,tenant,Mehwish Akhtar,03458067271,03034811215,74422-3631804-2,Lahore,21200000,35000000,DHA Lahore,Kanal,4,invest,Facebook,2026-08-07 14:25:26
97161861-4af5-4e4c-be71-4db84b86b8c5,buyer,Usman Warraich,03101539538,03206364940,60450-8761724-6,Lahore,10900000,20500000,DHA Lahore,Marla,15,rent,Facebook,2025-11-01 14:22:50
d6caadee-71f2-4949-b149-af869caa300e,landlord,Sundas Naqvi,03027142894,03455607257,,Karachi,,,,,,,Zameen,2026-05-10 13:39:01
f580c454-bd06-4f8d-bc82-b2b348c3ae00,buyer,Mehwish Farooq,03001788020,,,Karachi,29800000,42700000,North Nazimabad,Sq Yd,3,invest,Zameen,2026-05-07 09:03:16
215962e3-e3cd-4456-9359-1e2dcb3968c4,seller,Asma Farooq,03032707339,03113203213,64014-8608832-5,Lahore,,,,,,sell,Referral,2026-03-24 09:26:29
4ca422e1-1c7d-4f4a-9666-470e3959079b,landlord,Farah Abbasi,03459265656,03201941598,29811-2259336-7,Lahore,,,,,,,Zameen,2025-11-14 16:26:19
5d676924-9604-4be2-a551-66d6f72c3f29,buyer,Junaid Mirza,03015087879,03018794931,85368-4202076-6,Peshawar,4300000,17900000,Hayatabad,Marla,11,buy,OLX,2026-08-18 08:35:43
7e95177b-4cce-4624-a722-35577019d6b0,tenant,Sobia Satti,03001345773,03213296201,23680-5751468-6,Lahore,10100000,19500000,Johar Town,Sq Ft,19,buy,Facebook,2025-09-02 16:49:31
bcfabdee-6efa-4f30-9a21-d60c79699b37,buyer,Mahnoor Hussain,03338288591,03009522450,11236-9164235-9,Islamabad,26400000,39400000,F-10,Marla,11,buy,Zameen,2026-04-27 19:05:33
b92ccd9a-327a-48ed-9181-6e3e87feb56b,seller,Hira Farooq,03107215455,03017657947,26012-1995972-4,Lahore,,,,,,sell,OLX,2026-04-16 14:20:40
e99675b7-99d9-4631-87f3-deed6b14bbd6,buyer,Rida Iqbal,03008966515,03216193406,,Islamabad,18100000,25500000,Bahria Town Islamabad,Sq Yd,11,buy,Zameen,2026-08-19 14:53:42
1354ce8e-8311-4925-9a0b-f62f248ae1b8,landlord,Faisal Baig,03115565078,03115425859,52016-5089355-2,Lahore,,,,,,,Facebook,2026-04-24 12:40:04
7b53062f-948d-4391-91f4-991edcc1d0d0,owner,Iqra Iqbal,03001462060,,86878-5129330-7,Islamabad,,,,,,,Zameen,2025-09-20 19:44:57
3afcdb8c-da27-4ebf-92e3-1473847e89bd,buyer,Bushra Raza,03336015565,03205529638,,Karachi,29800000,41100000,PECHS,Kanal,20,rent,Zameen,2026-06-16 21:45:14
427c09f5-8492-468c-9811-3f651b68e491,investor,Nida Mirza,03111324684,,,Rawalpindi,13100000,21400000,Chaklala Scheme 3,Sq Ft,10,rent,Referral,2026-08-03 14:25:28
c802fcc9-e387-4236-b06d-ed8501583b71,buyer,Ahmed Khan,03219234059,03219455345,,Karachi,27600000,37000000,DHA Karachi,Sq Ft,7,invest,Facebook,2026-04-13 15:16:43
83b4f397-572e-453e-a8fe-34865129bc49,buyer,Anum Bhatti,03202048829,,34956-8811654-1,Multan,16800000,24900000,Model Town Multan,Sq Ft,14,rent,Facebook,2026-04-21 15:58:58
da4f3fbe-09fc-486e-8102-eaeb6c9eba69,buyer,Hamza Rana,03022824775,03114530343,51506-7558172-9,Rawalpindi,18100000,30200000,Bahria Town Rawalpindi,Sq Yd,17,rent,Referral,2025-10-17 20:11:46
2eea113f-f788-4f03-bf5d-4696f8cd72f2,buyer,Rabia Siddiqui,03018463233,03019650990,32013-1243237-2,Lahore,26200000,41000000,Bahria Town Lahore,Marla,17,buy,Zameen,2025-09-15 13:59:02
cb1447e6-1451-4f9f-8699-ab058aab9ec3,tenant,Naveed Abbasi,03017008394,03015381687,,Lahore,7600000,9900000,Bahria Town Lahore,Kanal,7,invest,Facebook,2026-08-18 10:49:52
6c3984d8-94c7-4aaf-9f89-e26c21f6f0d9,landlord,Ahmed Zaidi,03033274963,03334398567,98553-3074313-1,Karachi,,,,,,,Facebook,2026-02-07 09:10:52
7691efbf-8060-436a-90ad-10d17a161024,buyer,Rizwan Soomro,03023563758,03114947119,,Rawalpindi,4300000,6500000,Bahria Town Rawalpindi,Marla,3,rent,Walk-in,2025-11-13 09:05:03
ecf16b36-6494-4e3c-a614-bdac8b4c2133,tenant,Saima Zaidi,03102357952,,,Lahore,14300000,17200000,DHA Lahore,Kanal,4,rent,Zameen,2025-08-26 09:17:08
11d6a4fe-4072-4a00-884d-09782e22b290,buyer,Sohail Iqbal,03019628619,03024702768,,Islamabad,27000000,31800000,F-10,Marla,19,rent,OLX,2026-04-14 18:58:27
03b38100-9545-49dc-818f-1adcab05b9ed,buyer,Ali Abbasi,03214299082,03038434039,,Sialkot,6100000,12100000,Model Town Sialkot,Kanal,19,buy,Referral,2026-03-11 08:28:32
22fba2bf-be83-4a49-ab2c-751af4537800,tenant,Shazia Satti,03116006528,03218470956,20960-3497425-7,Islamabad,4100000,12900000,G-11,Sq Ft,20,buy,WhatsApp,2026-07-28 15:58:47
e7ce7771-4fda-4994-a8fa-82f149fb6ecf,seller,Fahad Zaidi,03003220292,03456472210,,Karachi,,,,,,sell,Referral,2026-08-06 21:20:50
e3398f47-7f8c-4a7f-a349-c65731d4abd7,investor,Sadia Iqbal,03027398682,03202426670,,Lahore,10400000,13300000,DHA Lahore,Sq Ft,4,rent,Zameen,2026-05-19 12:51:45
8f2aa14b-78e5-4ebd-9c6e-66ef6eebe930,buyer,Bilal Rana,03002752799,03018759668,,Karachi,22300000,35400000,DHA Karachi,Kanal,6,invest,Referral,2026-06-17 08:42:01
932bdd52-0311-4b8b-933b-283153e7ba91,tenant,Nida Raza,03105933151,03104575842,,Karachi,22100000,24000000,Gulshan-e-Iqbal,Sq Yd,13,rent,Zameen,2026-07-25 19:43:34
4b81177c-c4c4-48b6-a09e-debf0cc30b72,landlord,Sundas Cheema,03002445858,,18194-6778645-3,Lahore,,,,,,,OLX,2025-08-25 18:51:52
e8a2dd7d-088b-49eb-b821-17ad0d641066,buyer,Kashif Baig,03028763172,03211848393,40772-8962760-6,Lahore,13500000,20200000,Valencia Town,Kanal,16,rent,Facebook,2025-09-10 21:32:47
49dde75d-aa17-430a-935c-b042395ee414,buyer,Nazia Niazi,03217267409,03101190624,35307-5961057-4,Lahore,24600000,39000000,Model Town,Kanal,16,buy,WhatsApp,2026-08-16 19:45:08
aed6d23a-e70f-4de6-b153-10cb1b54359e,buyer,Rabia Sheikh,03108598730,03108488928,99640-8018332-4,Rawalpindi,6300000,19400000,DHA Rawalpindi,Sq Yd,6,buy,WhatsApp,2025-11-19 16:01:37
be75e04c-1de4-464d-922d-219297eaf9f0,buyer,Iqra Chaudhry,03214005689,03017101758,,Lahore,9200000,12500000,Model Town,Kanal,5,invest,Zameen,2025-10-02 10:12:25
1118ebb9-634e-48a0-8665-fa8851f16df5,tenant,Laiba Naqvi,03457751345,03027246078,,Faisalabad,19400000,30800000,Wapda City,Sq Ft,3,rent,WhatsApp,2026-03-01 14:14:48
327582d7-ca21-4a4c-a8b6-09a0dcf98685,landlord,Sohail Ahmed,03003693735,03015482871,19141-7712157-9,Karachi,,,,,,,Referral,2026-07-19 19:37:42
6460ade9-9f59-46bc-a9ce-9ebfd8cb591d,landlord,Naveed Naqvi,03009406967,03203791441,67571-6766047-4,Karachi,,,,,,,OLX,2026-05-30 12:35:24
3c0a86af-c756-42d6-9f82-96a6275b794e,tenant,Junaid Chaudhry,03332963399,03037580717,99554-6935422-4,Karachi,28500000,37300000,Askari 5,Kanal,9,invest,OLX,2025-11-03 08:41:48
5238aa98-1c62-4021-ae8f-c1cc8a40fbff,landlord,Salman Farooq,03006807246,03458739399,59569-5392897-7,Lahore,,,,,,,OLX,2025-12-08 20:55:24
6a4b797c-6fe6-4c56-bc02-961f2fd35649,buyer,Umer Naqvi,03216151979,03019409478,91491-9710760-9,Rawalpindi,10100000,17100000,Bahria Town Rawalpindi,Kanal,9,buy,Zameen,2026-08-20 17:49:07
841de0b5-1456-40bf-b80a-250e24204125,tenant,Junaid Hussain,03103504116,03016937157,,Rawalpindi,10300000,16100000,Askari 14,Marla,6,buy,OLX,2026-04-03 14:10:55
4c49c3f7-807c-467e-a60e-968d16e840f8,buyer,Tahira Chaudhry,03219743876,03013644582,12314-5063042-8,Sialkot,15000000,19400000,Model Town Sialkot,Kanal,18,rent,WhatsApp,2025-11-25 20:22:21
9c54d181-8d47-40bb-96cd-680d0318ee4b,buyer,Farhan Akhtar,03454103729,03338825501,81791-2436522-9,Islamabad,7000000,8900000,Bahria Town Islamabad,Sq Ft,11,invest,Referral,2026-06-10 08:52:07
